RA_ICRS,DE_ICRS,Gmag
149.1340957483,-89.78237807218,7.833443
130.53066297894,-89.46060168077,6.300015
165.92364732642,-89.23900583086,7.46638
142.31645666315,-89.34724983263,7.770365
166.62148467108,-88.95914849646,7.870959
96.69653070214,-88.74362043054,7.344201
134.31265937049,-88.27058122259,7.757118
125.07304074407,-87.72750917601,7.546128
170.12974578002,-88.24996810426,7.296915
159.58052046793,-86.89696543106,7.333873
148.7182550934,-86.91021436765,6.822897
155.05218832128,-86.55669850503,7.712511
158.5752606499,-86.37104136778,7.928662
154.8784732751,-86.04004393196,7.814227
127.11176347477,-86.82637201878,7.78355
124.06917589325,-86.55708851302,6.759086
101.7444898194,-87.02494405415,6.357506
143.32008633037,-86.0101811349,7.019311
143.25878938393,-86.00971395211,7.738741
134.16381459706,-85.66300119955,5.349698
135.22207064364,-85.16887710096,7.754097
139.19210109567,-84.66024079693,6.829304
138.63997680063,-84.62300254191,7.586305
167.16917081172,-86.230912896,5.883037
166.55414960727,-85.74880467451,7.268498
174.39885536195,-85.48643215884,7.374701
157.70535529865,-86.09069331958,6.638061
158.52283109671,-85.28147518885,7.320861
159.41948172207,-85.19456114418,7.804873
155.83696775162,-84.73663440255,7.709767
171.32158141961,-84.95449136579,7.548146
177.2686933835,-84.1719350691,7.972088
164.80422278799,-84.59393058742,6.164611
166.9383943812,-84.43679612445,7.527421
156.55871096326,-84.3482263842,7.111596
152.98454102536,-84.07938198435,7.743555
151.40646805385,-84.08892959397,7.485794
142.99381037142,-84.52424844109,7.761992
154.54802378084,-82.91085957965,6.424983
150.83654770288,-82.50806004758,7.048753
150.18162045352,-82.21453172543,5.512283
151.02836088107,-81.565259534,6.349799
149.26008627914,-81.57872177968,7.901872
124.61987560656,-85.07603466475,7.551339
122.52761583521,-84.44479580873,6.806115
137.67221553391,-83.74147073062,7.266301
138.45806574347,-82.30628222389,7.784221
128.59454685887,-82.56645627115,6.773096
136.94775369702,-82.32497798888,7.523438
142.41568492454,-82.2631957761,7.637577
144.58600633747,-81.7093363344,6.462664
141.92400280549,-81.84030543662,7.31502
146.85160935341,-81.06116786006,6.897368
138.10207795031,-81.76844761884,7.350094
142.37437032038,-81.2223503774,7.92158
143.4714211795,-80.9411976821,5.059154
141.03458414997,-80.78627764699,5.217743
140.16046389107,-80.38913559848,7.156182
131.16669464943,-80.67439758748,7.991453
137.70142891464,-79.35855084379,7.845124
175.25323787956,-83.09989603564,6.000539
173.20802054829,-83.48431128255,7.751253
178.60808230874,-83.27351421399,7.867032
164.57115855322,-82.58047025471,7.489576
166.83778345165,-81.79345219702,7.368615
165.75775865768,-81.62150552684,7.769814
164.8009565233,-81.55586462803,7.205088
166.75753728268,-80.46437364024,7.617476
160.6000191862,-82.03747380135,7.9322
158.6294924233,-82.29372550116,7.693419
157.96488114348,-81.92105591506,7.029612
158.12309426684,-81.61569691411,7.128877
162.50085310425,-80.93340065984,7.993952
158.21901265564,-81.16291396434,7.751595
156.03181637973,-81.54142651692,7.712098
155.05959498116,-81.64827635994,7.385264
154.3017041166,-80.92308180889,7.670703
157.12838438392,-81.05568825308,7.250035
157.04955251158,-81.06054345763,7.433897
158.48593426749,-80.51649837865,7.090432
164.23485000508,-80.4902454942,7.644742
161.66623435084,-80.66096797663,7.62672
161.44486137887,-80.54016006425,4.399862
161.31824692443,-80.46971403963,5.982165
164.98996285282,-79.95026451275,7.44369
163.11902042761,-79.55943057008,5.869362
160.46424555798,-79.78326109286,5.938351
159.60490657603,-79.5098948981,7.766356
158.86625302656,-78.60773860957,3.42169
179.3163068601,-80.49469011795,7.496249
175.90308518817,-80.48349593882,6.560284
175.73192914336,-79.30644255238,6.151828
169.64449597906,-79.66881765922,6.34286
170.38453928521,-79.66458740163,7.949469
169.17235339908,-79.26463590135,7.796956
176.29942937496,-78.82158235149,7.907113
176.91099903943,-77.88700883203,7.947483
176.15021142858,-77.81738826195,7.948928
171.82005684109,-78.52176504496,7.304662
170.48539949844,-77.60840532036,6.401382
166.08539527994,-79.55713275267,7.990619
159.7875098431,-77.95603588343,6.496097
168.82013874724,-77.51839249679,7.388311
162.73267771459,-77.12460029954,7.804686
162.87590333374,-75.8827563034,6.636013
162.09975461421,-75.77239296152,7.581431
147.75321105389,-80.06100777341,6.462066
144.85112843402,-79.74780940532,7.9616
145.75689204313,-79.59144138097,6.999638
146.90480252805,-78.56618199663,7.861506
153.4886140084,-79.00404539114,7.66238
151.30496066846,-79.06195468646,7.271392
156.44666180344,-78.59792711299,7.918275
147.28666916226,-78.28189785049,7.728392
148.89141432253,-77.28780873039,6.633124
141.16862258979,-79.07452937417,7.834575
155.12843187489,-76.96814852517,7.828271
158.8528498496,-76.3089535409,5.956115
179.90554984436,-78.22189357267,5.21488
179.64596158758,-77.82545044812,6.719528
175.38609890591,-77.05478465719,6.84468
176.43524559717,-76.86023579064,7.874815
177.00032954671,-76.89885082871,7.811323
176.80989623747,-76.61795502679,5.408215
170.76117941155,-76.71816151798,6.538131
172.98056159132,-76.30322206208,7.978552
178.34993687193,-75.8540486731,7.588778
175.56292854534,-75.22733236419,6.355609
174.3128109385,-75.89654946383,5.553236
175.47722543875,-75.1179763851,7.609592
168.45128454143,-75.79048429078,7.597628
166.49046188001,-76.13024321254,7.625092
169.76578034001,-75.82492148254,6.595928
165.36960447608,-75.66433600514,7.305891
165.69402519105,-75.59422032177,7.949739
218.86464852887,-89.77175408888,5.533397
241.46769395395,-89.308727709,7.738967
235.02312033714,-88.65473470122,6.962442
232.06749889208,-88.13336376977,6.435517
231.06211981055,-87.71221845469,7.277752
258.98457552247,-87.56696404502,6.338843
252.77333578763,-87.1368050836,7.784492
237.27049253473,-87.26675896396,7.698327
184.68697092191,-88.41487357988,6.616841
204.58989006531,-87.52275256775,7.636358
198.83695635998,-87.56137833393,6.953995
196.97534525574,-87.44177840525,7.597096
210.64936672731,-87.25704959775,7.984401
207.49305495973,-87.34330637743,7.720274
205.10857986482,-86.72521087823,7.367199
208.37128414415,-85.78799548674,7.75018
226.2345971072,-86.47137939236,7.399277
222.76048671452,-86.39472233028,7.122694
227.78677988713,-84.78782769179,5.869414
255.24441366802,-86.3642975546,6.032096
252.27522382091,-85.52507319959,7.736499
247.66648436079,-85.51074723186,7.594514
249.25211246058,-84.94688554295,7.91527
235.82684525859,-84.46484833279,5.542472
242.54770649475,-84.23175381102,7.526656
243.22959343082,-83.8064080993,7.909967
227.39245115256,-83.90956966705,7.736689
186.40897583318,-86.15064725864,6.037086
200.12720757841,-85.87319801228,6.86082
205.22583410712,-85.78614577357,5.530516
203.87940489909,-85.82430723713,7.102569
180.58098927707,-85.63175087693,5.632685
193.74756489072,-85.12330531976,5.562483
213.38871237975,-84.5446331197,6.548178
219.02620033332,-84.14840861012,6.566632
216.72625784337,-83.66794635336,3.879832
215.31658948045,-83.27928091635,7.918932
216.09138938066,-82.84828278037,6.382507
189.00237608036,-84.87325357947,7.981644
187.25160527338,-83.80263345467,6.599823
196.63270827825,-82.95071821112,7.409648
204.99010699464,-83.90826244287,7.130941
210.77609493893,-82.92045943748,6.770714
208.91111820582,-82.66629566847,5.387409
205.1094536623,-82.74640590167,7.985333
210.47135934168,-81.93643277367,7.398039
226.24267238712,-83.64759233819,7.870357
225.46237386674,-83.22741388372,5.39617
226.19520878643,-83.03838918455,5.262153
223.28445979239,-82.68251633899,7.054919
220.36933324996,-82.2325240688,7.797429
234.43006918994,-82.15196710703,7.425483
230.92844887453,-81.88496669642,7.458331
229.76859776968,-81.24318399183,7.400159
216.23978958413,-82.22065530951,7.993047
213.21573619308,-81.54199025387,7.782372
216.01964424255,-81.33331640365,7.570608
214.55733140588,-81.00804837408,4.835109
219.64448481707,-80.73624961561,7.876191
217.35744092421,-80.10330663559,7.910349
218.4431613082,-79.95527721921,6.34836
227.12511575268,-80.31392405413,6.771302
221.58276110607,-79.11992197176,7.255295
221.96534284573,-79.04482599328,3.362282
182.78850955471,-83.77819332191,7.317157
183.08486553565,-83.35470605237,7.264049
197.11603789963,-82.72119410583,7.946149
183.4047784025,-82.7371671639,7.578716
200.73969316216,-81.31077421997,7.71593
196.12116099166,-81.15012626841,6.935067
204.05063051086,-80.73887553764,7.927751
181.20423819502,-82.25518703028,7.972983
192.38390280196,-80.70235418638,7.168902
183.7186594329,-81.19419597723,7.569082
183.01386762114,-81.06545222286,7.660013
199.70069486909,-79.97612061053,6.33595
197.27918112771,-80.11357389442,7.688533
202.25880624312,-80.25741011823,7.81362
203.04421767989,-79.66082735013,6.231869
202.36535445199,-79.11771386466,6.571817
203.17293636022,-79.07490433881,7.316945
198.65009718882,-79.19358512425,7.756515
199.59767009332,-78.82319502034,7.039947
201.2869680669,-78.95259018429,7.786838
212.01753928378,-80.76400710507,7.55658
215.59641159629,-80.1090217951,4.977851
215.65764649516,-79.71579988025,6.496346
208.37814341699,-80.27289454606,7.596901
206.31280387698,-79.76816142613,7.254407
211.94418426689,-79.25156898647,7.60634
217.80716108113,-78.79842959704,7.689033
216.81649768346,-78.62049174184,6.435335
216.47740319334,-78.45771580159,6.529919
217.47391929416,-78.15662983088,7.654006
208.36105014262,-78.62517000591,7.276624
210.1363922145,-78.59002120112,6.06309
210.89776798031,-77.75728488305,7.489494
207.79075348492,-77.86544289567,7.569159
206.78130250953,-77.5260063228,7.374482
214.2296891902,-77.66423790637,6.016447
183.29016693916,-80.8283134394,7.290423
183.93549972275,-80.78470590263,7.881877
185.33926476214,-80.06157821238,7.615859
188.07675490195,-79.78381600767,7.09171
185.43608355502,-79.46664685204,7.501711
184.58579875583,-79.31218335229,4.167445
197.08419227623,-78.44613678202,6.427302
200.48868600764,-78.17855153794,6.30142
201.31440047239,-78.05444586269,7.808339
198.57199777882,-78.44747325311,5.532202
200.08263805359,-77.95837588089,7.840274
193.53935434534,-78.03703255798,7.36047
182.28106514515,-78.78134654087,6.813747
188.71572706578,-78.29775989775,7.97428
188.08184177042,-78.19415002558,7.748627
181.77207281139,-78.74115669194,7.431583
183.48516525838,-78.57402806334,5.996458
196.53477145319,-77.10755481567,7.856908
203.29931475311,-77.57006729221,6.401333
204.23977146904,-76.50835014257,7.685409
180.02034197054,-78.19296063313,6.558351
187.64239837474,-77.0647219663,7.625538
186.11669225859,-77.21469329828,6.392424
186.4695165446,-76.88383221959,7.615142
186.85147592775,-76.75550533469,7.671003
184.93610980218,-76.80126035611,6.746589
180.12386882919,-76.97624900256,7.980444
189.72742176673,-76.06604610823,6.040897
189.8102418428,-75.37063019321,6.543229
181.19214486851,-76.5188592033,4.466885
185.8299218935,-75.50363220612,7.372513
187.28313877511,-75.61896046478,7.421423
187.73360057964,-75.40081323737,7.466328
188.20811031745,-75.43478882862,7.697065
186.90334223104,-75.47228161965,7.989303
181.78842653399,-75.78650400584,7.549289
181.25650263644,-75.68709365751,7.072809
181.95618625435,-75.36693214356,4.747916
179.58415560303,-40.9471770294,6.602146
180.73839176721,-40.55280179389,7.984095
179.91839441504,-39.50943499212,7.952002
181.50130244232,-39.22027665345,7.794615
181.55400333334,-38.67572264828,6.409059
180.89938883591,-39.00921950151,7.097797
180.63529059664,-39.02908437737,7.097105
180.78103785665,-38.84397428413,7.775978
181.65757539921,-37.86010296899,6.363839
181.36663998319,-37.55236421846,7.340699
178.54176805624,-39.8669874591,7.493458
178.97855372114,-39.68959384959,5.869118
178.40111692016,-39.36432627421,7.736629
179.21330898548,-38.84944169354,7.804439
179.37745658805,-38.49620762585,7.253945
178.19679398311,-38.33865527696,6.954999
178.45922018176,-38.44403043841,7.398384
178.17557205259,-37.98677830285,7.621291
178.60573810258,-37.74869869711,6.348521
179.42929692735,-37.65066190436,7.230313
180.0850783438,-36.5627111338,7.361145
180.07287079492,-36.28551172096,6.937576
182.64117042533,-37.87049705201,6.040892
183.2002466055,-37.52712322804,6.937287
183.52553916731,-36.72901265192,7.361589
183.5288617213,-36.55643941491,7.835718
184.44161085533,-36.33391624869,7.486693
183.74815735683,-36.22088888169,7.769395
184.4467062956,-36.09400595908,6.709685
184.3734395545,-34.50508503106,7.206708
181.48592256866,-35.69391543998,6.207423
180.69976134346,-35.90967208694,7.389769
180.96886762722,-34.80844877973,7.265075
182.56977258868,-35.05664270455,7.967125
182.51037591119,-34.70478015697,6.350113
183.30373111065,-34.12524892777,4.426598
183.40341921254,-33.7929889736,6.483457
183.57507246798,-33.77911571879,7.349824
182.0806062222,-34.67491334343,6.466067
182.87341718124,-33.62001032371,7.406282
183.11976824673,-33.40499089643,7.203421
183.30278574828,-33.33311738829,7.234286
182.71874973219,-33.46835030665,7.45321
182.44870817661,-33.48754541267,7.752816
182.79726031109,-33.20147533247,7.560906
177.64868650316,-37.68088019306,7.447316
177.79671589246,-36.93581408592,7.817258
176.36319855307,-37.6225238149,7.775679
175.86317949854,-37.19026533652,5.473645
177.16337671844,-35.98695542388,4.156404
178.32018658402,-36.57752219567,6.53599
178.5426781633,-35.99222151342,7.502216
179.31363275286,-35.19330866482,7.208956
178.36127518534,-35.06676947349,6.171582
178.45604780351,-34.41943623049,7.997927
176.32973116395,-36.40445893208,7.553671
176.22075950268,-36.40989804611,7.259911
176.00761910254,-36.30073988126,7.8254
175.63258362713,-35.9940901458,7.911525
176.77959047525,-35.90700107248,5.933057
176.79518327034,-35.39693745903,7.564643
176.40585790408,-35.60538344375,7.433301
175.34350239576,-35.60372414224,7.031233
174.9012564439,-35.23235112278,7.658524
175.0604971527,-35.23878470011,7.598117
177.01538969894,-35.22563020273,6.906671
178.22691883708,-33.90809708988,4.784791
176.59247772984,-34.75372367849,7.711452
176.87397625339,-33.89950554628,7.491358
179.88233983543,-35.30851819237,6.938565
180.44111556338,-34.65026384679,6.970471
181.29975382433,-34.20899680234,6.56301
180.35343607978,-34.0503650061,6.884964
179.27433164408,-34.89956614847,7.826015
179.10164041783,-34.27425959018,7.740484
181.52123754458,-32.96208977059,6.469783
182.27221022703,-33.08513267975,7.317964
181.84494360431,-32.66190103626,7.639281
181.207938787,-32.80246618587,7.549164
180.91151639876,-32.41087604073,7.478697
180.88541852674,-32.25777271463,7.437397
178.86740257643,-33.45176872216,7.233332
179.26533332404,-33.31548123833,6.189519
179.39804917689,-32.95826141959,7.07987
179.17539118767,-32.26819317735,7.502593
179.18146958378,-32.26744402878,7.653311
177.67422194611,-33.14118151331,7.172347
178.6983240582,-31.66829683603,7.961675
180.23933617381,-32.0229581162,7.762682
180.75616040937,-31.69173582109,7.011565
180.85602664796,-31.50953155484,7.869927
181.14333423529,-31.18764179795,7.359379
179.5148029983,-31.65110360993,6.994141
180.55480246491,-30.60618423291,7.376153
180.09635875053,-30.60038946055,7.701609
180.10084544121,-30.33661391979,7.821387
185.53568209994,-35.51193240771,6.784058
185.37202091181,-34.35139309041,7.63815
184.77337384072,-33.74537429445,7.918718
185.71395535155,-33.99466188066,7.882678
187.52654716902,-33.32844163062,7.080258
186.71532287873,-32.83024896218,5.546079
186.84370961344,-32.7771381386,7.858215
184.74799212243,-33.29221877593,7.50271
184.88381223847,-32.58882134311,7.402413
183.5035041325,-32.38701511383,7.199971
184.23088762452,-32.35139681802,7.692172
184.60114312656,-31.49553447903,7.377689
183.89272192912,-31.69021722038,6.473023
183.26878657437,-31.51837637852,7.26927
181.89650002725,-31.41104407218,6.587923
182.0059253896,-31.14061637526,7.999397
182.92451333994,-30.6038478636,7.41794
174.93949717793,-34.98207662929,6.781221
173.95162923394,-34.78626840333,7.850998
174.15493396675,-34.64593053042,7.444065
175.05305307055,-34.74466439484,4.667739
173.60919233534,-34.21523938544,7.986832
174.98736446291,-33.45002385695,6.598152
174.58684945964,-33.60566924711,7.280724
174.1447893271,-33.57068716143,7.579266
174.14576803506,-33.57021522881,5.605189
174.25498604804,-32.98855343122,6.217544
175.43307647479,-32.4995495577,4.668484
172.84190573828,-33.71803591977,7.668765
173.61931513362,-32.82768460706,5.738324
177.42915837449,-32.44371293537,7.959395
177.9233090389,-30.8361088956,5.728032
176.26503074228,-31.77669527038,7.770576
176.85914576996,-31.25480627091,7.302499
176.63994210408,-30.92864418587,7.441385
176.41461641927,-30.95504648025,7.649348
178.54700551038,-30.90704743299,6.442088
179.84281809498,-30.06082466853,6.107477
177.80453880284,-43.93309992774,6.598306
177.26576653044,-44.10433904366,7.620722
175.47823814603,-44.10339804253,7.799162
175.33196925231,-43.09564579094,5.53465
178.6545095053,-43.6580741354,7.749093
178.7084927919,-43.61087457424,7.034801
179.64599856717,-43.43761999852,7.745737
177.83813961501,-43.07965974345,6.680298
177.34600501052,-42.96439749374,7.727859
179.01412729108,-42.44623524005,7.285174
178.62551352063,-42.04481141485,7.041348
178.23861528929,-41.78064518113,7.624318
177.29894992002,-41.75757794356,7.532387
177.9456757484,-41.24723392154,7.236604
179.190482163,-40.94024793646,7.715448
175.8572244498,-41.54404331205,7.390474
175.36032221345,-41.01881014041,6.713854
175.27306817073,-40.88482576112,6.972518
177.88260463004,-40.68746481676,7.638506
177.92090070344,-40.30780723457,7.303349
177.49872735916,-40.27629360817,7.01322
177.89257489335,-39.80058244518,7.427107
176.62052057637,-40.49856514563,4.701676
176.35405656835,-40.51644302031,6.732826
176.99882211173,-40.2916297255,7.896243
177.15114000664,-38.74076615138,7.255436
173.56672013194,-41.15472882531,7.408045
172.5766336003,-42.15021865671,7.752562
172.73510226271,-41.92631265785,7.207136
172.17689918645,-39.82084083379,7.380286
171.49285505962,-40.2639315847,7.496976
171.87223679556,-39.87653779414,7.315453
174.31922788031,-41.49897783041,7.785764
174.69565813816,-40.30317580688,6.689156
174.73500788141,-39.86038214674,7.349354
173.4044091021,-40.58649133427,6.055368
173.19990023735,-40.43593344322,4.875956
173.55511651986,-39.9398204899,7.256
174.84264937928,-39.3856793274,7.335571
174.6682625523,-39.24802672173,7.757897
174.38587168985,-39.35889370784,5.702466
174.26921875843,-38.99519754798,7.080875
174.24158707549,-38.95955282384,6.935611
175.48532713691,-39.28425947034,7.772165
175.94795439005,-38.91999971045,7.515131
175.0566829435,-39.14666920349,7.497096
174.99344774013,-38.1084438805,6.392658
172.6829888467,-39.23546620404,6.985503
172.42557575556,-38.45686266385,6.47297
172.76161429735,-37.74915590588,7.034767
172.71766306154,-37.64394749705,7.750292
174.87230403054,-37.43147198535,7.970369
174.16952770389,-37.23717148229,6.287438
174.2008982268,-37.03913688429,7.661991
174.04681812558,-37.06531192852,7.865202
174.37136166877,-36.72687525954,7.444428
174.14753026913,-36.1213067525,6.769365
171.67628921454,-38.15810042636,7.872301
171.38767281484,-37.74762406145,4.78525
172.03520148582,-37.08578022863,7.634115
171.63438601779,-36.88336883051,6.407632
171.37213514929,-36.06298166134,4.968951
173.21315120896,-36.20933475262,6.550136
173.58900395731,-36.2046251842,7.007084
174.27253240118,-35.58576444651,7.59582
173.80862767273,-35.61205357989,6.875682
173.9414747801,-35.40900835369,7.622606
172.80659142093,-35.6490236984,7.980193
171.98387572399,-35.54914798813,7.567953
171.9945227042,-35.3288557659,5.769404
170.80272400043,-36.16477463672,4.439865
170.94788120041,-36.08919977553,6.978021
171.24099807141,-35.92099011112,7.66172
171.60180907378,-35.01387980733,7.797143
182.00330806737,-44.81947925556,7.203089
182.87015197922,-44.2830242204,6.475484
182.22388307416,-44.32617963775,5.703322
181.56248375604,-44.51206043416,7.821059
183.68520334447,-44.3374348818,7.625843
183.71567456882,-44.11168788733,7.261856
185.59128231289,-43.4634347365,7.673176
183.11327858358,-43.99936047523,7.568807
185.27739118332,-42.56201523434,6.8346
186.28467616978,-42.51441308353,5.961062
187.49123522606,-41.73599058528,4.978289
187.82808523728,-41.50463076973,7.949822
187.45112269755,-41.40237771944,7.970147
185.85687433783,-41.84785874212,7.7787
186.18593699208,-41.38460757572,5.958036
187.99686958976,-41.05521793636,6.613913
188.55689564151,-40.82860437312,7.898903
189.00397666711,-39.86961181906,5.783168
180.03726475963,-44.86050100126,7.719383
180.94350608687,-44.12272573446,7.915119
181.84540197538,-43.24651392094,7.111254
182.33492567105,-42.8385131379,7.823743
183.83814289748,-42.54086795136,7.940208
184.99239913627,-41.35972338936,6.767489
183.87485478419,-41.91408152902,5.970154
184.41348830593,-41.1367887053,7.946424
183.73731482617,-41.13976250325,7.327295
180.91680334429,-42.43455232948,5.032893
182.22738852205,-41.23163761518,5.494919
180.73397429409,-42.16892800298,7.866225
182.75140719636,-40.95216196265,7.166239
182.10828383184,-39.71744778674,7.995249
185.781029826,-41.04567288276,7.832543
184.72606699806,-40.12810678698,7.799669
185.90296781453,-39.30234254804,6.32653
185.55849212222,-39.51947052651,7.788543
185.68769743564,-39.17834193976,6.555676
185.64452158349,-39.17014805677,7.880344
187.01168976793,-39.48315596239,7.368202
187.33734780677,-39.65523326779,7.655311
187.09345286884,-39.04122045729,5.43396
186.05390378795,-38.91381083305,6.837252
185.93607040595,-38.91144812401,5.783369
186.15330919599,-38.7207199651,7.773824
187.22227058398,-37.96697445106,7.549641
184.26406236622,-39.90565000029,7.998546
184.39448056486,-40.00449101399,6.664224
184.65395952683,-39.41831317425,7.305658
184.59307904388,-39.27126738407,7.672726
183.35415584439,-38.92923379182,5.731832
185.56212838854,-38.45171450495,7.269538
185.8093903006,-37.48971610398,7.105739
185.01886259304,-37.80403150309,7.53956
185.06803166793,-36.6318346492,7.423011
189.15818981408,-39.32631073345,6.470928
188.19277993719,-38.07694078388,6.95756
188.71161216318,-36.51282968159,7.895429
186.98741265388,-36.70721215555,7.698029
187.31260939656,-35.99647577074,7.839677
187.65701857321,-36.23954437575,7.551915
186.04999369368,-35.63382013991,7.300979
185.89735159076,-35.41270731462,5.302303
186.34033612601,-35.18644460756,5.70008
187.28425515796,-34.83456266315,6.581998
188.34151431631,-34.66321984428,6.678099
175.01824604193,-59.00204555212,6.994576
174.78787243487,-58.59772714282,6.8554
173.69329159752,-58.96452120503,7.81183
172.14313117004,-58.14197815258,7.194415
172.33822258508,-57.83242753585,7.158619
171.37902327523,-57.83001730493,7.27782
170.98586330784,-57.88050821128,5.89552
170.7164192532,-57.63716424809,7.787522
170.10708765154,-56.95317496989,7.313017
179.58808720313,-59.75523343632,7.323945
179.5246790107,-59.59272820158,7.434606
176.45970519826,-58.81329473039,7.785079
176.20970965704,-58.70402313284,7.295784
176.06096238986,-58.44135454558,6.851255
176.84414227881,-58.34394541909,7.035811
177.04545508465,-58.22143986829,7.003884
175.87561232564,-58.00533129754,7.977684
176.61362898549,-58.03108152576,7.726602
179.21486958751,-58.41536700133,7.993231
179.76398984806,-58.44639102726,7.385976
179.39109138131,-57.94813954088,7.257358
178.042761615,-57.80089990326,7.992457
178.54783952306,-57.41020922602,6.030029
178.61101939498,-56.96978028098,5.904653
178.04195963975,-56.98758609582,5.547528
177.02338297311,-57.82703488051,7.622356
177.30284916817,-57.69154629729,6.891773
176.82954756517,-57.69641250404,4.682652
177.51476489858,-57.04700268286,7.219414
176.21259370795,-56.58817035942,7.63706
175.42187570446,-58.74069315334,7.649704
175.56966441593,-57.56506863362,7.069565
174.7942768791,-57.73953684133,7.236231
173.41388032205,-57.64508835757,7.849914
173.58498362757,-57.6272736515,7.140469
173.65813007148,-57.1525521604,7.033063
172.72673958593,-56.89883451579,7.984604
175.13625441352,-56.31995639157,7.495712
175.24495908539,-55.57383849657,6.919638
174.28962775111,-55.46359363338,7.138266
173.76445602578,-56.12232955215,6.742042
172.97122463937,-55.73508060736,7.789409
172.47890839431,-55.31880448253,7.277352
172.48600028074,-55.26436547931,7.686402
174.09316890714,-55.73888177636,7.746115
179.84857957998,-57.16802720671,6.747744
179.50085058421,-56.86495608763,6.957601
179.56326590727,-56.31730502658,5.412584
179.98561329842,-56.29311686109,7.662379
178.75756896921,-56.09792237446,7.556628
178.75720330878,-56.0968688109,7.073561
176.18883696858,-55.81939180297,7.359389
176.21359903861,-55.46182715202,7.684031
177.25885796254,-54.99971837829,7.868997
176.60341225353,-54.73750648112,7.825164
176.61767044806,-54.17815598534,7.42132
175.89406992828,-55.1955359503,7.916226
175.22023427404,-55.09846017995,7.263117
174.50538785945,-54.70322551523,7.60176
175.84629014415,-54.305781687,7.693072
175.25074105546,-54.54878089425,7.415837
175.17693030574,-53.96871209089,5.12195
174.2030145479,-54.68114827473,7.837692
173.55670981643,-54.55570244288,6.571515
173.68981223115,-54.26402127446,4.599313
173.16322569474,-54.60441764979,7.942103
173.27295435354,-54.32462246095,7.735444
174.35394233541,-53.7386879293,7.535119
174.06218725037,-53.50388480692,7.967209
173.45969078545,-53.33734528359,7.819556
175.88876540509,-52.61961999662,6.593896
173.76393142186,-53.242128,6.521283
173.94863549779,-52.96457632957,7.288117
174.44875577046,-52.89155486173,7.743136
174.52758631203,-52.73797904192,7.665338
174.5756034125,-52.21847593365,7.317737
173.19444050735,-52.14571632548,7.69408
171.7418716757,-57.03934344361,7.801317
170.78362526592,-56.77932688504,5.813354
170.63227164034,-56.78062428803,7.889805
170.56150126026,-56.60268810626,6.721084
171.75301376647,-56.28008857962,6.350128
168.9701561889,-56.01232463242,7.878124
169.26137571363,-55.62259650528,7.567572
169.14671218623,-55.55524754801,7.53091
169.76620041942,-55.65513427801,7.151899
169.84054353361,-55.3539804288,7.78497
168.99758877599,-55.20851999702,7.490039
169.03280235941,-54.95189555858,7.404916
169.25069717914,-54.77732000012,6.676695
171.74283577149,-54.85165252869,7.945921
171.1003075802,-55.13795822622,7.011424
172.15930970738,-54.88370066904,6.770758
172.11986900733,-54.34347859189,7.67588
169.92322908756,-54.74327352734,7.833337
170.2514139929,-54.49106621877,3.873441
170.52733719639,-54.16831729482,7.88246
170.0726996756,-53.64213031461,7.295149
169.95690713299,-53.4762025228,7.88196
169.30651058396,-53.1066733014,7.608762
168.4140114878,-53.23165418603,5.331938
168.29343203842,-52.82651277864,7.568591
168.46153531855,-52.85615946461,6.783283
172.16408207724,-54.16933687298,7.827196
171.69666266953,-53.1598362108,5.917108
171.26788958905,-53.02205805922,7.50941
170.63191062942,-53.36984520156,6.730214
169.92383871203,-52.49186958539,6.972244
172.65796416428,-52.6238488022,7.800879
172.05978175335,-52.05140659772,7.468605
171.55081173633,-51.36063096607,7.017903
172.44788193601,-51.6626216357,7.285819
170.72782945407,-50.7866733522,6.595511
170.36221763086,-50.21775733727,7.949804
168.45187514509,-51.80163003358,7.589119
168.0843756143,-51.53962924894,7.860014
169.20666845532,-50.92604768338,7.786829
178.86834863286,-53.23984173043,7.35595
179.66196672869,-52.76875362419,7.470351
178.1766480256,-52.49672149664,7.01156
177.83232861343,-52.10690088737,6.852426
176.87226956877,-51.42733542368,7.589768
179.27220034996,-52.10034483562,6.230004
178.90740137128,-51.76059637533,7.425114
179.79514817657,-51.69678671499,5.676183
177.51827930047,-51.70069141224,7.647396
178.07598689256,-51.31487801578,6.177018
177.24669754422,-51.4085749777,7.696
177.49848886548,-50.3324355608,7.773273
177.39083166508,-50.7627587368,7.887867
177.43779394816,-50.72080754517,6.685621
177.05796443441,-49.99416943627,7.868502
175.77445010136,-52.44324543067,7.624874
176.31926322866,-52.15261393871,7.662165
174.84581042205,-51.42460827827,6.832816
176.23992506398,-51.5711980245,7.532114
174.23602499112,-51.26291508689,7.957992
173.86400064936,-51.29430354609,7.285085
174.42011257365,-50.56945246538,7.480455
173.9954124776,-50.74236269311,7.741675
175.43803988885,-50.62527220258,7.298555
174.97314919876,-50.48596301592,6.667502
175.29951323482,-50.19347194473,7.467629
176.41885051129,-49.8499989419,7.745495
175.62483398862,-49.8384305398,7.287638
175.16053199075,-49.50922763815,7.822527
173.73570564319,-49.13567587307,5.206891
173.56158237333,-48.96798815005,7.427422
173.48431387356,-48.81976930144,7.990284
179.8671689764,-50.50310135614,7.721256
179.60763593951,-50.25348172179,7.35483
178.01703949253,-49.40113569511,6.955026
179.87345954922,-49.36507816269,7.675202
179.33380950186,-49.36015509228,6.623417
179.86762573388,-49.14031377897,7.369911
179.69252784543,-48.64159085319,7.753219
179.97054317607,-48.30693450277,7.808375
179.92340899927,-48.23881792444,7.602995
179.56416493098,-47.9774805585,6.639643
178.14854878305,-48.68252999255,7.4707
176.16013946778,-49.14370976533,6.860333
176.30248664213,-49.06979235471,5.921811
176.55816090305,-48.20980243012,6.692816
175.57824704145,-48.17308829229,7.952066
174.02482755558,-48.22932109022,7.365367
174.20785213158,-47.99460027616,7.985572
174.39116134743,-47.74721429022,5.112938
173.9818257944,-47.64185963914,5.202287
174.69886885115,-47.85127959855,6.703978
173.80476462865,-47.37261110662,4.626996
173.90395981596,-47.16827181712,6.609918
174.38185009607,-47.30471992974,7.73989
176.71090896456,-47.47289183179,7.764149
175.49529104695,-46.35041663838,7.26515
175.48093619328,-46.18242857918,7.614751
174.4040348154,-46.70953633133,7.934702
174.94331931727,-45.97828127808,7.74892
174.97104220396,-45.80426449034,6.965707
172.71952248657,-50.94270739678,7.640303
173.20158776578,-50.08351417342,7.737102
171.90010696136,-49.55061646079,7.488216
171.57732024707,-50.12544320607,7.755134
170.91581726502,-50.06197468102,7.814895
170.41873721951,-48.77292068749,7.307455
170.43793659498,-48.49559796443,7.6254
172.72066457984,-47.9763251377,7.662162
171.05040872831,-48.45439405712,7.867413
171.77125493906,-47.76128950499,7.299244
171.41720695655,-47.48532250389,7.674761
173.14327612651,-47.05964950219,7.774125
173.71900828091,-46.45430125243,7.089842
172.61899431741,-74.60872269281,6.880589
169.6742219095,-74.1906829456,7.60603
176.1993993967,-73.94313190728,6.716263
179.75887604777,-74.00850886903,7.24501
172.94933735062,-73.902657787,6.815013
174.16131521718,-73.35365673453,7.777219
173.9352308274,-72.84172523373,6.21955
176.21809934195,-73.1505201163,6.494117
177.27670212516,-72.30519818583,7.913801
174.85427077619,-72.56021867219,7.032973
175.78198475742,-72.44555150152,7.116106
174.65816993934,-72.36884570152,7.006736
173.03249151639,-71.98411222737,7.238751
175.42627197835,-71.50633480525,7.917425
171.29748795476,-73.63212738225,6.808778
169.83689714762,-73.15412448444,7.954928
168.45978375491,-73.08982013856,7.335173
169.96080023366,-72.95831336679,6.450605
171.27683345096,-72.86421546404,7.936352
172.07637251156,-72.47403022106,6.3948
171.04599252532,-72.25661798713,5.524564
169.3794802685,-72.48211850046,7.770646
170.0167876722,-71.99434619637,6.368578
166.46672278914,-72.67229672443,7.777023
165.72777150253,-72.24222084755,6.743892
166.05344512461,-71.89209058388,7.562248
168.12387122731,-71.74938764438,7.508503
167.87285257674,-71.43617674288,5.864738
165.88599900477,-71.62937696865,7.511614
171.2420430437,-71.81044136859,7.959428
170.36344311768,-71.78595215716,7.959396
172.0864142468,-71.11763579012,7.483175
170.33188491969,-70.80198902228,7.894498
168.02254439905,-71.21746586136,6.880709
169.4296343464,-70.97748200507,7.911131
168.38592297755,-70.63785367253,7.989611
166.70754266505,-70.87794044627,5.549459
166.70313163664,-70.83028158944,7.311935
168.70565556815,-70.36045155132,7.814089
164.41557012451,-72.59663621273,7.780039
163.5001443507,-72.15529092441,7.364343
165.51219934314,-71.74706219167,7.382231
162.42398707936,-71.65406503938,7.465953
164.44720441612,-71.10740303134,7.980943
165.9891695717,-71.00074235914,7.875261
163.42373381461,-70.72020186533,7.103095
163.42496305713,-70.72033728196,6.417048
161.13409643438,-70.85525313357,6.516121
161.08282412659,-70.85972556999,6.208984
164.55627901321,-69.93030689928,7.572401
166.08814204837,-69.92892884595,7.90419
164.33377455883,-69.03805803978,6.601182
161.87742694243,-69.43773308114,6.325244
161.70022961517,-69.20977493685,6.310372
163.23110816045,-69.12161205184,7.004858
164.2620874047,-68.66728984488,7.324375
163.9612882577,-68.56101972935,7.975428
162.29985360996,-68.36187107002,7.668669
160.4682467827,-69.54921339061,7.666829
160.94010767252,-67.61844615966,7.598899
160.40296162201,-67.70812249892,7.167722
178.73072450108,-70.87758719744,7.409528
176.61577791282,-70.91032779552,7.85389
176.688021812,-70.5152708035,7.361147
176.38282568186,-71.24512898018,7.833073
174.09966777056,-70.99602513759,7.917975
173.35549566318,-70.19478968015,6.685849
174.31048134057,-69.67423672695,6.524233
179.62511346071,-70.7399806813,6.891458
179.51872458876,-70.45164119043,7.403116
179.18914854257,-70.15618054523,7.856668
177.48579098513,-70.22579282621,4.519953
178.21806735327,-69.88414694507,7.04189
175.08507784907,-69.67182434652,6.825707
175.90273877445,-68.4787252728,6.908718
169.12737787148,-69.90714991312,7.780374
168.60438032641,-69.53129063095,7.874599
168.72749319171,-68.32785818548,6.282566
171.1462370753,-67.56940791272,7.566501
170.3150446958,-68.20973101223,7.828983
169.86408138012,-68.27520287843,7.909685
170.06019140718,-67.7771872999,7.393745
169.03301462736,-68.19832198989,6.592076
169.40211395005,-68.11790164089,6.83152
169.3295025903,-67.8235474137,5.066885
170.84731683225,-67.76219511378,7.939262
170.02633176521,-67.04938090248,7.55492
168.84221207706,-66.51193054606,6.114412
178.93040326943,-68.54935793018,6.488907
177.83672706894,-68.86073475481,7.430088
177.73463823026,-68.08081135204,7.353203
178.50938906191,-67.6690798472,7.79744
178.43329735444,-67.64685713861,7.661544
174.45059059894,-67.62042687704,5.678762
176.92245970421,-67.69231826596,6.475694
175.29600146939,-67.06020812712,7.723834
178.68614539453,-66.37649141251,6.292591
177.06090542726,-66.81497943469,4.117007
176.40065646583,-66.72860365116,3.624794
176.90638727217,-66.00720359432,7.531713
176.33084408298,-65.99245506877,7.035783
174.87287433864,-65.39777970019,4.918591
175.79499763817,-65.37889085108,7.268331
173.30130442032,-67.05464031813,7.538828
173.08331578748,-66.96180145292,5.587724
172.1132172798,-66.48926917689,7.416779
172.0019021266,-66.18986555844,7.652642
171.20357260008,-67.1298628993,7.795447
169.92752470327,-66.03130697524,7.385884
170.02588747871,-65.25197953274,6.334398
173.55287412812,-65.40970980864,7.122191
174.51568419895,-65.65588456626,7.403022
173.05838316076,-64.73983529376,7.643405
172.82780044001,-64.4280749497,7.78725
171.41407450747,-65.51035083521,7.809626
170.91262748001,-65.34263249897,7.099326
170.83891910266,-64.95468378125,5.377878
170.83766093933,-64.95423601111,6.633749
169.81534993528,-64.58229392252,5.879746
171.42657109535,-63.97276989781,5.042132
166.54827589465,-68.78194958596,6.486342
167.48729128585,-68.08326912316,7.960489
166.65654199453,-67.9239999336,7.570264
165.73451514097,-67.90901501627,7.792511
165.3309912343,-67.61740029689,7.37112
163.19296957369,-68.21025988378,5.932198
163.53123213723,-67.35489289168,7.972716
167.42499945873,-67.01840436313,7.857237
165.76082045181,-67.12701178551,5.849379
168.20385839692,-67.09979206079,7.725238
168.3205051684,-66.84976968952,7.608326
165.15797800272,-66.03013279366,6.734428
165.47779767433,-66.01229329523,7.510055
162.17494153478,-67.30518770476,7.741803
160.81811499058,-67.2896445134,7.866262
162.83730313754,-66.81485390693,7.395985
161.83582333764,-65.91772697058,7.606415
168.99836878093,-65.82772756181,7.654482
166.57165660289,-65.50979697239,7.474549
167.10934860399,-65.42848007549,6.723342
168.06759853324,-65.21891546786,7.651565
166.16269153201,-65.57257918296,7.040055
166.60055644689,-64.84000134833,6.379839
166.20789143912,-64.61568777876,7.225947
165.45711725486,-64.30390655905,6.796034
168.18787777972,-64.16974512298,5.203711
169.49194710262,-64.0426006125,7.839598
169.37896440484,-63.47635095808,7.430394
166.12141217122,-62.96213726705,6.815494
165.8033844351,-63.06661220208,7.936054
166.75631874352,-63.11862579802,6.782312
178.33439118472,-65.40441014685,7.301412
178.43406670447,-65.28954757109,7.446973
178.23181728296,-65.24161021584,7.452771
177.9630646828,-65.20593918223,4.990429
177.96342985049,-65.20631469067,7.500922
179.49325247744,-65.32211009608,7.323533
177.95387420992,-64.59567916072,7.415592
176.7835834429,-65.45648046246,7.479748
176.6514701896,-64.76598650386,6.845986
175.97970070874,-64.80815677659,7.638287
175.12192622638,-64.46433694433,7.926576
175.70705089719,-64.08392692152,7.991397
175.40827077089,-63.82937790813,6.920579
175.47912963748,-63.79537217692,7.982334
178.99609135777,-64.63307249577,7.45408
179.69850477636,-64.33956184803,5.547685
178.84016495168,-63.70356025377,7.948904
179.27813509999,-63.67670468084,7.412358
179.23971486568,-63.24908523298,7.167923
178.63630966554,-63.70062520155,7.747005
178.74996543084,-63.27918390307,5.830849
178.1333180069,-63.17017895235,7.306213
177.42089229652,-63.78846016135,4.300466
175.45579619779,-63.41456610636,6.671529
175.60876358144,-63.1423708999,7.243523
175.97029561812,-62.87834880117,6.085353
175.87991025983,-62.48939051371,4.791573
174.95809534775,-63.47875939465,7.545853
174.58486813704,-63.37276810401,7.062902
174.45174803516,-63.3231962725,7.079591
171.43757261183,-63.80893758353,7.603845
172.31299890047,-63.55393479647,6.348462
171.23008899109,-63.4320990634,7.268598
171.70794827692,-62.81991215098,7.74478
172.66747344838,-62.78654365611,7.826503
170.74515338656,-62.40725901404,7.720913
170.81009346329,-62.29573115675,7.533186
174.5412408972,-63.19683282423,7.272019
173.9449936443,-63.01986715208,3.129286
174.81815919927,-62.93288473925,7.538332
174.26647959498,-62.48535724568,7.353381
175.1541142635,-62.56809886782,6.817246
175.15311984243,-62.56864688881,7.362741
174.79081165717,-62.42233164878,7.272508
175.06726307787,-62.43239046463,6.527339
175.22332700921,-62.09009716056,4.588911
174.52965715178,-61.82646824559,5.148789
172.96003669445,-61.7730670901,7.46554
174.11815270984,-61.66513878164,7.061882
174.14510352499,-61.60977090159,6.722876
173.93724471236,-61.57805668202,6.29948
173.21277493689,-61.54171635121,7.862619
171.16337372575,-61.64722203398,7.072555
172.81263850312,-61.27845981337,6.148694
172.69226466035,-61.07839623522,7.638538
171.7485206231,-61.36931520298,5.694677
171.64744789161,-61.11516007351,5.237007
179.95363132868,-62.83163328862,6.838921
179.85669155825,-62.83094273477,6.260658
177.71055737707,-62.64594219252,7.68204
177.61359406333,-62.64937856185,5.590644
177.78638408157,-62.64141380074,7.426695
178.75487177947,-62.57767030608,6.424397
178.13316263066,-62.44849261969,7.103989
178.16163653831,-62.23522087862,7.19308
179.41646292589,-62.44876958369,5.539381
178.86989671579,-62.19645286062,7.765474
180.79646279808,-29.26201153805,7.796596
181.90328438158,-29.06278740787,7.880407
181.92328365288,-28.96989918731,7.5705
182.71775814432,-28.06803500369,7.036253
186.39978465614,-26.81163348983,7.573914
184.44595141067,-28.27157330283,7.406014
184.05818805642,-27.43504127094,7.515372
184.98005633721,-26.73701208995,5.903161
184.21536321818,-26.59863679095,7.025317
185.83697548876,-26.85501847147,7.728242
185.84110592139,-26.47155777986,7.750258
185.31758549122,-26.73249475263,7.176059
186.30750494705,-25.98622001177,6.758941
186.01640464223,-26.0140183517,7.091774
186.08957681919,-25.21134057656,7.949691
185.83985389943,-24.84076050154,5.337566
185.75010501108,-24.87105715017,6.530506
176.97340337483,-28.32319549143,7.553273
176.58733977889,-27.96356501657,7.46284
177.4635920795,-27.58255905564,6.512056
175.06971788084,-28.49668287395,6.25522
176.09046313142,-28.02827146532,7.897416
175.34260318876,-26.66702692328,7.415433
174.82730068839,-26.84445622532,7.409848
175.00087917338,-26.64073226914,7.607709
181.30689305759,-28.71905595051,7.622922
180.75978098082,-28.25868909354,7.853831
178.91722461195,-28.47722530738,5.361748
179.47876692481,-27.70980606489,6.578699
179.37844217452,-27.05622084143,6.905673
177.65451342788,-27.27790646426,6.233301
177.7712937508,-27.08026082026,6.86499
178.39371348197,-26.84339296548,7.348846
180.50775618209,-26.76882361054,7.600266
180.25291294476,-26.47974464881,7.434296
179.72641784513,-25.90896306977,6.408712
182.88918740128,-27.07085338965,6.523262
182.99594146232,-25.94151247334,7.084469
182.65809285198,-25.10088916966,7.789467
182.61924061378,-24.95888199837,7.461744
183.67404683557,-24.7753227953,7.308209
184.48122319852,-24.0134073722,6.952733
182.10387983595,-24.72905347553,3.946629
182.01958280815,-24.5096536703,7.624977
181.91320558408,-23.97695231379,6.570823
181.75507169043,-23.76611143518,6.812892
182.76567512753,-23.60251086483,5.439326
183.94461458061,-23.35409723017,6.70243
182.53082136957,-22.61972201099,2.629701
182.90299815439,-22.12795838668,7.306173
177.18767068873,-26.74982527349,3.745264
176.8327472012,-25.96144304093,7.299068
177.12711108546,-25.0859070159,7.895008
178.6774769753,-25.7135506713,5.033878
178.98736767344,-24.92596102044,7.40778
178.8761110668,-24.85743943805,6.497951
178.70071327355,-23.55014490035,7.936814
176.61573411118,-24.97637644011,7.542096
176.54138002658,-24.87362508155,6.23671
176.62165866496,-24.48440481039,6.59281
174.84285848509,-24.89642784865,7.365077
175.49148970296,-24.38591268099,6.830749
174.75199653589,-24.72216422312,6.166667
174.76433395203,-24.30573084234,7.811257
177.85788275857,-23.84684630166,7.863256
177.10891254986,-23.0904930834,7.230961
179.75947272969,-23.41402812239,7.513752
178.882972683,-23.45079703228,7.582376
181.56844887019,-22.79619947763,7.025552
181.04458128721,-22.37110101365,7.614063
182.11285736094,-22.65488931345,7.671327
181.7995211019,-22.3706035995,7.323337
180.74966671855,-22.15233255652,7.101669
178.97964798885,-22.18410948086,7.174533
177.70490639194,-22.14383339534,7.90331
177.88664145682,-21.63571411337,7.467321
178.96391734229,-21.66002160503,7.445612
180.17587959733,-21.837544037,5.908772
180.23855591668,-21.25097631681,7.718612
181.07124164724,-21.03924879137,7.774252
180.51074183021,-20.80861628629,7.755306
180.34691955129,-20.66399718384,7.279992
179.79237526689,-20.3556645991,7.632171
186.91713018921,-24.72746544091,7.037695
187.57256133475,-23.69641337711,4.885602
185.61058388336,-24.23661681839,6.660989
185.42322846639,-22.88858127508,7.296442
187.16982968063,-22.92376285044,7.963882
186.75989398543,-22.38949438187,7.770552
186.87582773612,-21.2265185106,7.405053
185.0443627797,-22.17584524457,5.838094
185.13965221773,-22.2160234128,5.159155
183.95369823567,-22.05579562426,6.682499
183.40447488266,-21.63473624145,7.384716
184.72893849472,-21.52193040587,7.71768
184.4609068462,-20.86389484758,7.929246
184.55635468522,-20.84024158249,7.159464
184.61105666026,-20.80981075367,6.627792
185.91546138617,-20.08837918383,7.613662
186.63011686423,-19.31625510464,7.808813
186.00907322057,-19.57207391524,7.339832
185.96930298862,-19.2256099263,7.161146
186.37064463982,-19.35871582748,7.587735
183.39559075745,-21.07398771217,7.758993
183.74826432832,-20.84421267085,5.56016
183.9021473937,-20.52934387245,6.539267
183.28566159181,-20.73666014381,7.372575
183.43639995724,-20.32681471762,7.527708
182.3835013143,-21.05319478257,7.960725
183.07702774994,-19.87303684846,6.962831
182.95486334665,-19.92930551126,7.33578
182.57862292291,-19.76982326444,6.910949
184.92735709699,-19.19880311657,6.680804
183.569173378,-19.15438613671,7.850513
180.21308260717,-19.65895082036,5.235829
182.96300542062,-18.78835587706,7.803296
182.17804422067,-18.43544166331,7.029509
181.8665089575,-18.19068115355,6.706515
182.52371984824,-17.53757674908,6.531611
184.47872454002,-16.95286403387,7.572548
184.26365973716,-16.69372545272,6.039561
172.75408241097,-25.89956697777,7.660632
172.43891621746,-25.00195437508,7.036361
172.41069615145,-24.46395099215,5.818759
172.95263525646,-24.53918901585,7.386233
172.09716309047,-23.82681871536,6.775316
174.18992874891,-24.4392924771,6.458242
173.44752095964,-23.45296108969,7.651667
173.24098726186,-23.44381211693,7.422196
173.33701155239,-23.13689163629,7.993606
174.35929473773,-23.22564447564,7.913809
174.24922200094,-22.94786478411,6.090047
175.45523122763,-22.65275432892,7.557976
176.36701535574,-21.47413158418,7.706492
175.94542020145,-21.03821503819,7.216062
172.20411386381,-22.39580017647,7.23557
172.43260921613,-21.34230765878,7.847719
172.86989870233,-20.97910163373,7.986643
172.94752032532,-20.77633699,6.119365
174.72524879169,-21.17384038656,7.877738
174.23312504392,-20.96832750756,7.515947
176.09883552779,-20.69579828899,6.832999
177.90732034909,-19.17446277484,7.934628
178.05051207826,-19.20619255724,7.373673
178.17882620868,-19.19080403179,7.535319
175.51465953077,-20.29440996492,5.958887
175.84563310449,-19.82338213178,6.371554
176.86217977388,-19.19600072277,7.875922
178.23547989402,-18.06615721626,7.673348
177.92462527058,-18.17729586499,7.984807
176.84429600632,-18.3809235925,6.423239
176.19086105479,-18.35078590188,4.443709
177.62039206907,-17.74009029274,7.722748
177.40886467959,-17.61584579576,7.958399
172.73437655458,-20.20021826675,7.75868
174.52021992107,-18.19169274433,7.418363
173.93642793319,-17.92728501504,7.440837
175.29033395431,-17.70554739516,6.681599
175.51019748652,-17.01644473977,7.490621
175.29509631793,-16.68322596437,7.198309
179.4699088651,-18.98233619133,7.355812
182.20077168828,-17.15424633826,7.310692
177.91106664811,-17.56945049196,7.578123
179.00374313071,-17.1508612282,5.163772
177.71653073447,-17.21146409231,7.611984
178.3454666513,-16.59278253934,7.573549
178.39063167158,-16.11511829501,7.179974
179.64003190594,-15.11713277055,7.478309
182.84477632293,-16.79102971225,6.910443
177.03885095304,-16.5485743668,7.23482
177.21846933304,-16.59755129935,6.928597
178.42072960573,-15.60556980439,7.997302
177.58167271462,-15.86358880982,5.880685
177.7108880299,-15.38907402949,7.227211
180.62568952885,0.04148699583,7.982021
180.48837256566,0.08187198786,7.861052
180.48710972937,0.10197578158,7.714139
182.00241556549,0.62119948286,6.896701
182.42231219684,1.89709126194,5.636835
184.48963806541,1.57528503609,7.560067
183.48198250236,2.2601302773,6.69743
185.57081704943,3.29775265995,7.879244
185.08611681691,3.31228836834,4.59977
186.13593178864,4.33107444953,7.691997
186.47831923264,4.19977060565,7.139854
186.16397642359,5.03369685302,7.836754
186.65272572032,5.30240570124,7.829613
187.26624293142,5.96073280956,7.955201
178.45930164715,0.55212895835,6.269214
176.27303609226,1.57876242972,7.964523
177.67712091757,1.76351853166,3.468565
176.42538008503,2.82097551144,7.859468
175.60617289606,2.36195882261,6.833947
174.06073202821,3.30093437324,6.934059
174.45015862982,4.32326686415,7.569309
180.5885706806,0.56363937533,7.350266
179.76361217297,0.53081356419,5.807339
181.05301871346,1.46192400151,7.648122
179.55382810501,0.86900277117,7.106595
178.84931929474,1.09576355063,7.075305
178.76596452352,1.31725043159,7.714409
179.84967365952,1.8265227494,6.322527
181.29480284989,2.1831800916,7.224844
181.15033769052,2.61982611206,7.787135
181.15467954619,3.16162857567,7.380514
177.44492572501,2.23178376284,7.657669
178.77952017764,3.21863439149,7.709324
181.17907721754,3.57298289171,6.892312
180.2916729017,3.63223226645,7.664558
179.55806824041,3.48199122418,5.78872
179.98705548328,3.65517379669,5.350719
180.13351165868,4.09976448923,7.362839
184.02958087947,3.55989171283,7.927581
183.12428944394,3.40420369448,7.485317
182.17388262296,3.10905351518,7.792306
182.91763232324,4.05594652298,6.925771
185.25097243523,4.53758920609,7.880045
183.80741047812,4.52580378844,7.668272
181.88661414058,4.51311598015,7.195434
181.07848928024,4.9317092589,6.348808
181.46240221552,5.35730399059,7.697772
180.93449530477,5.55738077775,6.284646
182.58381839391,4.99590282436,7.843362
183.07342071223,5.87261358964,7.133624
182.51353160259,5.80708663623,5.65585
182.01053261042,6.03636928524,7.602409
176.69415035548,3.47421171868,7.593672
178.61996618437,4.03703664272,7.959188
178.51945466381,4.87925113141,7.147802
179.20129077687,5.34473886385,7.335636
176.75723213582,4.89278235358,7.986478
175.409045617,4.59054355938,7.92859
175.52953530154,4.74749086984,7.145253
175.12196030799,5.13994245303,7.408924
177.27925626419,5.18270908117,6.207621
177.70304787066,6.3450667705,7.803852
176.46473733146,6.52856181845,3.320959
177.43540727497,6.5227610751,7.759689
180.36503157321,6.50612464829,7.477697
180.21829711213,6.61419644136,4.607758
180.25868212458,6.93554148261,7.713734
179.43775659767,6.97435049645,6.924622
177.89207382726,6.87670146318,6.840717
180.25675829546,7.91505482896,7.915016
180.6461072797,8.06965769723,6.570834
178.76290578642,8.44401067062,5.320617
179.45210230723,8.98975912996,7.138741
185.56257341342,4.85489664159,6.120815
185.6327413845,5.30521597963,6.335243
186.04792026902,5.97148019298,6.451923
185.72810473821,5.92067075251,7.956418
184.9801672107,5.67171796986,7.226008
184.94738347169,6.04118233577,7.425706
186.91481817039,6.15441025314,7.507771
187.27148931191,6.86523994707,7.759019
186.82988246002,7.24168875119,7.882381
186.63926669692,7.89377081239,7.550588
186.8667438038,8.01228326317,7.752673
184.06402874145,6.22319698012,7.424069
184.36263756185,6.60093427111,7.846821
184.61488739198,8.06499569506,7.010279
186.92543718396,8.61029349577,6.118702
186.37977963581,9.75166350126,7.376984
183.61411496697,8.7818073362,7.365131
182.75613417981,8.71765956687,7.030537
183.45927379145,8.97207501934,7.529378
182.99726301078,9.30703421081,7.940396
185.03340137342,9.89251642322,7.149526
183.37306164251,10.04039135811,7.277399
181.30120410794,8.7331664973,3.857797
181.79452609675,9.662861771,7.338478
183.24066779109,10.03612341239,7.724945
183.35765919803,10.2623026007,5.803671
183.30470416185,10.81903266716,7.407042
183.19406915313,11.11131819266,7.315506
183.30872355063,11.51635128326,6.949779
184.96606027229,11.59853917286,6.886745
183.51675015891,12.14745671772,7.655062
174.75267185617,6.05736995136,7.449737
174.1418880158,6.10595321598,6.57412
174.3242828022,6.27007251991,7.091033
173.98469792441,6.76822048564,7.872583
176.45265359911,6.94266722055,7.580417
176.35054790091,7.02991728719,6.838463
176.52621203859,7.17401475311,6.124812
173.28065514377,7.41095918682,7.882872
172.91604016722,7.8635186445,7.58941
174.61500941481,8.13431976897,3.906972
175.17296810414,8.67213431914,7.323473
174.5407037887,8.88381728329,5.9134
177.98555269342,8.82240828303,7.806545
177.98985444599,8.82974981014,7.122335
176.97848726098,8.24593153589,5.308989
176.32126428824,8.25800348098,4.800302
178.41974314986,8.5722322815,7.640254
177.66924039507,9.51631221326,7.950036
178.0855538697,9.94861970896,7.319658
178.53297159561,9.89268667808,7.624466
178.5946270445,10.04909397206,7.870864
175.99927248504,10.68589568472,7.298501
172.86542828367,8.74994592865,7.377545
174.22837535225,9.52921000528,7.739502
172.75260848209,9.61978239439,7.832848
175.11918419395,11.19511186744,7.611491
173.93104580593,10.91118823128,6.543238
173.88322007321,11.18847114943,6.342007
173.5416035953,11.02378398676,6.624008
175.51656059788,12.28435353882,6.951315
174.16048663882,12.17722333249,7.90305
175.20160443702,13.07808509189,7.110043
179.22174654401,10.52559874885,7.891347
181.36414370477,10.96069033954,7.808705
177.85193789063,11.8051452867,6.929053
178.52966527762,12.05622269074,7.722077
177.72996577086,12.2791554001,6.322233
180.30720998771,12.37780077425,6.91193
180.72192053598,12.80731644652,7.400343
181.79520627861,12.98527337857,7.069597
181.89957175001,13.51694325596,7.395282
181.29042116299,13.47289550156,7.103049
182.75122972402,14.42435438452,7.995533
176.81405288866,12.66433777758,7.897012
178.23345237982,13.42102311007,7.248194
176.33722980008,13.31188792836,7.87913
177.16081290592,14.28424716627,5.931453
178.46401724071,14.02961404084,7.662598
178.6390068988,14.15119904509,7.727354
179.11165506764,14.18616074522,6.223145
179.69597940555,-14.86600166671,7.876447
183.95782606232,-13.81669918735,6.65389
181.25852257818,-14.53077552046,7.768683
181.50275022593,-13.31676530072,7.306649
182.34244027084,-12.94015963562,7.583654
182.81014573794,-12.09729097214,7.997914
178.11188702931,-14.12724850652,7.53106
177.17338150221,-14.34483340501,6.582611
177.44467813298,-13.65231283759,7.09014
177.76217612954,-13.69284869768,7.731495
177.52450065566,-13.439984392,7.998343
177.76140616852,-13.32324573082,7.315056
177.66656306097,-12.86705995087,6.678201
179.23443224111,-13.75520619775,6.417672
182.37031082786,-11.85781242442,6.668261
181.6966989587,-12.24085287832,6.710349
180.61058668879,-11.93420445525,7.460725
179.23105516316,-12.10799786129,7.025564
179.34629589416,-11.80429343845,7.808892
177.8401474016,-12.1876073513,6.247775
180.74946163605,-10.75247675406,7.339325
179.19015263417,-10.72508702493,7.309398
180.18562930618,-10.44827200398,5.355077
179.78900516988,-10.47576461437,5.977121
179.44828548335,-10.15763896355,7.122591
185.21239950434,-12.85332512378,7.027522
186.298743874,-11.61072795052,5.950322
185.82837949024,-11.81216670513,5.453004
186.09002909995,-10.4748938258,7.162862
185.81781329552,-9.77166730249,7.342332
186.39733568192,-10.03852028544,7.923631
186.74495741582,-8.82955713517,7.841752
186.98020776938,-8.67815837769,6.619215
183.10314588851,-11.65915643775,7.294045
182.91778944307,-10.57062492635,7.02096
183.79413962278,-10.31691159955,6.003014
183.91322703497,-10.2749919624,7.398737
185.30559560967,-9.54923444643,7.387282
184.41632955635,-9.70348664288,7.647926
183.40491184393,-9.51357039215,7.409839
184.83414107864,-8.91476035881,6.556182
184.63369974171,-8.90476287294,7.354679
183.65715313031,-8.99015089962,7.920008
181.00136415532,-10.29608921897,6.69338
182.70096841384,-9.39740752028,7.255641
182.67159251772,-9.40191163499,7.779125
181.94565871625,-8.48609949485,7.455846
182.61322664713,-7.77387449466,6.505028
185.08895818192,-9.00000737484,7.027033
186.99894712242,-7.56817670118,7.998939
185.78962432182,-7.29910547049,6.720425
187.21515005062,-6.53022811589,7.668454
184.09013072261,-7.53188812185,7.636863
183.77623465615,-7.25754841624,7.788456
184.47204262475,-6.43124361973,7.714652
185.86468574387,-6.11854719067,7.063176
185.81415345953,-4.97463052199,6.141965
174.33402480534,-12.34762352782,6.859497
174.17018442903,-9.80220510624,4.658411
177.77684776899,-11.20785043614,5.419336
177.09738849385,-10.31358867367,6.108403
177.56271868956,-9.99700611879,7.936799
177.67539272449,-9.94724338987,7.580609
177.68343137518,-9.39732067963,7.426192
177.75813255263,-9.27324313201,7.583093
175.2120909716,-9.91748047365,6.964305
174.91460219444,-9.46622151903,7.125958
175.7369285165,-9.11986281877,7.197305
175.97959082306,-9.13252380561,6.624856
175.43493800536,-9.07658794361,7.000263
177.1283492945,-9.37589363774,7.596468
177.26250215507,-9.11791041087,7.136866
177.07169071806,-8.87438841316,7.372297
177.79564740966,-7.99172161355,6.508504
177.29489628488,-7.36063294469,6.372274
174.16931350865,-9.31311080896,7.402289
175.15236461706,-8.40571696409,7.30008
175.97992282475,-6.67734830344,5.806889
173.19803527996,-7.82752462755,5.490694
173.4074492558,-6.53695098053,7.367687
172.71274438214,-6.71903514419,7.52604
172.98573494659,-6.47090184544,6.465639
173.58853443785,-5.52703604576,6.70508
179.72991818487,-9.31434650383,7.844869
179.91408590222,-8.90920969303,7.979308
179.43827554533,-8.54861645483,6.445497
179.44228920895,-8.2756188405,7.872643
180.71511634529,-7.68356230648,5.681846
181.81195720139,-6.76550495969,5.018438
178.18789334615,-7.59671083176,6.340748
177.57761142941,-7.3759648611,7.587001
179.75415286025,-6.65357922328,7.980046
183.97001831343,-6.16069065825,7.374729
183.5640220057,-5.71608799171,6.509976
181.80433703862,-6.08388595598,7.230013
182.44876530156,-5.22568154047,7.143434
184.09371431199,-5.84577552195,6.976666
185.07027931539,-4.51030206704,6.86709
184.06713488832,-4.45203095452,7.848433
184.53834658094,-3.95404278391,6.879733
184.53983523701,-3.94868619726,6.492571
181.39588452331,-5.84587285489,5.750122
181.45328593751,-5.85799109821,7.320835
180.89766131952,-5.47963345014,7.148309
182.2499140693,-5.1491708718,7.719955
182.05190420829,-4.2870016407,7.24502
183.05937974029,-4.40203122361,7.361964
182.84037261084,-3.77915028217,6.859186
183.11747653599,-3.08261495218,7.262896
182.84187594826,-2.69943892819,6.432723
177.31353987739,-6.89477762206,6.806792
177.62243350688,-6.21089755854,7.999782
177.95864130024,-5.76248384347,7.77063
177.75929912679,-5.33333970326,5.341698
176.88098405033,-5.26379398133,7.767325
176.79086787276,-5.18057910946,7.786437
178.85996462281,-5.13458119344,7.184301
179.25053935334,-4.78274601467,6.628904
177.46792106349,-4.84924950215,7.636106
178.36467159781,-3.88365015724,7.639144
178.46677126497,-3.7770604472,7.110981
176.01680836473,-4.80741051354,7.962404
175.21429225138,-5.19877104558,7.480793
175.63508706017,-4.64931430964,7.502547
176.66956098837,-3.74258591071,7.467404
177.31996268398,-3.31280990797,6.967409
177.10888334362,-3.23891419751,7.822145
176.58115113605,-3.00243015367,7.291781
179.52775144545,-4.37018812866,6.83221
179.93859729073,-3.95496281163,7.917759
180.80474648777,-3.39573993163,7.162463
179.81084079674,-3.3227428562,6.63982
181.49910250351,-3.13167866185,6.114495
181.29991927103,-1.50878503548,7.962264
177.60977611235,-2.41861233315,7.75145
178.71708036698,-1.45286205334,7.438845
179.89132595179,-1.91871002697,6.896766
180.25715919942,-1.76849492093,5.958396
186.69885548617,-5.59223646688,7.690575
186.53475122679,-4.48071376168,7.645519
185.46296915498,-4.38655150437,6.654883
186.24504561457,-4.22658656907,7.944973
185.16312654539,-3.99552143547,7.817353
184.80596966962,-3.31999924383,7.86449
184.06955879035,-3.23585825469,7.370504
184.64342672703,-3.02229876561,7.711195
184.18366581345,-2.73960359318,7.780332
183.17531380302,-2.47293419777,6.758085
184.5113218876,-1.82382858266,7.897302
183.74989235089,-1.32659233405,7.230829
182.35752393111,-0.75871847069,7.76948
181.79752619627,-0.62994135718,7.376359
173.09946377083,-5.6247961254,7.507844
173.68876308821,-4.95443002373,7.891687
173.74523225657,-4.36148611405,6.11973
174.38954864245,-4.50527403336,7.519488
175.70765747389,-3.54529334107,7.541223
174.35650707055,-2.89220575188,7.732995
174.78900918314,-2.58903307327,7.641407
174.60011597322,-2.43584138803,5.968605
176.15026758109,-1.38482970001,7.256203
178.50904432978,-1.03957951834,7.954926
172.79879737288,36.23146955,7.921906
173.05213680597,36.24711074036,6.369404
170.971893156,37.23478971418,6.891846
171.66622736395,37.72495413721,7.9324
171.93608428553,37.9377687469,7.149687
175.05875859102,36.47517201515,7.892988
173.48382342992,36.8153941195,6.102626
176.08392805759,38.52755511401,7.262843
176.49305417171,39.39515715183,7.690089
172.56880322638,37.95374480617,6.763256
173.30666635195,38.85666015291,7.660395
173.20967924525,38.86447478123,7.865138
172.14927836266,39.30807756332,7.371628
172.26686535352,39.33702673194,5.359505
173.05367609393,38.92578640358,7.90996
173.26741730058,39.32165633551,7.70549
172.88319176886,40.09660070181,7.499663
174.70797079951,39.17260133329,6.542399
174.73520801275,40.25186228183,7.638661
174.73795601812,41.14286808689,7.964412
178.46000315054,40.91263057535,6.44419
179.09478010181,42.01382649935,6.796999
175.44335055068,41.23740941126,6.808688
175.90497710508,41.72241072314,6.462534
176.81553243165,42.37052156457,7.665435
175.02026444369,42.02564885684,6.848823
177.65118683294,43.65885484921,7.696358
171.44801143545,40.93721557308,7.31912
172.70854569759,41.28637929468,7.486446
172.97439966881,41.43977156394,7.197783
172.24473051802,41.17814405373,7.359608
174.74804317085,42.33073845967,7.883088
176.80766791842,43.47106112053,6.100537
174.58481467465,43.6252717271,5.457031
175.33574692122,44.00758151787,7.955423
175.64383747181,43.78933320268,7.961723
187.31209590803,34.70356084298,7.442059
186.8007802586,36.37428635179,7.637212
188.79547168587,36.42535737588,7.177654
188.37379988401,38.06898857521,6.245089
189.41309030719,38.68404226131,7.235297
186.59885338559,37.11396200798,7.702957
186.2771901871,37.22076946647,7.942738
185.05589791622,37.9020923536,6.457813
185.26689065815,38.02382262912,7.238873
187.55144332596,39.2465980476,7.549521
186.18787780716,38.31902337832,7.885102
186.36102904317,38.34776353792,7.367928
186.46179857626,39.01846631895,4.769109
183.87075477716,38.65983836884,7.613114
183.65403423139,39.34218117476,6.285335
184.1756069455,39.59302681595,7.229446
185.70985185207,39.27565570913,7.871057
184.77678990763,40.31281404969,6.904777
184.88075347425,40.93913703611,7.74841
185.45795539501,40.70931160816,7.72371
185.97455397277,40.71955866529,6.838664
188.94710917822,39.6836017007,7.274514
187.76835906265,39.58203074897,6.513267
186.88801014802,41.35501164021,6.374556
186.15887408657,41.33228060259,6.781923
185.94540080768,42.54279959105,5.951592
186.2366069963,42.85482782842,7.037625
182.79048441993,39.13028688446,7.932348
182.47371761598,39.43349174776,7.49442
182.69688250641,39.89148086157,7.256612
182.02813896047,39.65546056259,7.208549
182.40340511908,40.25183021702,7.256733
184.03155412569,40.66003518192,4.934459
185.29178460354,41.48290682446,7.403972
184.0439657944,41.89858373675,7.953113
181.89727104817,42.07077921773,6.981514
180.52635602268,43.0459509863,5.151228
181.83624045089,43.09781189414,7.826117
180.6183705054,43.0818124722,6.380751
180.58671623048,43.14062095105,7.976144
180.10192540987,44.63037371981,7.561257
184.99406222828,43.60888753224,7.450121
184.36378140384,44.01946011673,7.680341
182.08537292366,43.90737974422,7.943388
182.06418445034,30.27533509389,7.003282
181.93734875315,30.42042022554,7.808627
182.0233581805,31.04961585794,7.423666
183.21654812297,31.79597024187,7.634846
184.62108145537,32.74885423229,6.633513
183.5266429367,32.78416530121,6.560533
183.55783007568,33.45022083225,7.807191
184.12528899339,33.06103805707,4.655225
185.50555044023,33.0907342083,7.192561
185.29641027658,34.68653038046,6.843468
176.9785601084,32.49095693125,7.484664
175.39089480861,31.74618161493,5.592415
174.52317411417,31.88073089356,7.011208
175.87994247011,31.76188527136,6.509748
176.50436377344,32.93286420522,7.888946
173.30023951778,33.13254895644,7.882542
174.63459791698,33.62576803623,5.869804
175.26250050618,34.19993957544,5.110995
175.48681684478,34.30814763651,7.724345
173.25855930779,34.05139016709,6.8201
173.87786534379,34.86777627371,6.079311
180.30414811637,30.6380732523,7.733153
179.61866188628,31.92036305492,7.601604
179.52932046789,32.27363220668,6.350335
182.41806590155,33.08714041134,7.291521
181.21318606794,32.85122804302,7.964959
180.21196791798,32.96380095221,7.365919
181.72045243901,33.44218301692,7.291347
181.66426742588,33.56711825549,7.334186
181.27919359233,33.74966238331,7.388169
179.19369584916,32.20296138748,7.665898
177.78959938006,33.37510415751,6.196578
178.44831176751,33.61519390391,6.937529
179.82304523667,33.16695770113,5.621903
179.9888504778,34.03489191081,6.451811
182.88410662179,34.25826248037,7.215538
181.16880232788,35.56736725591,7.118214
180.41391923884,36.04172517157,5.292559
177.74210471336,33.60425395888,6.908479
177.42317212739,34.93179382487,5.610381
179.1233879361,34.90347367226,7.088014
179.00082293812,35.34052346282,6.628105
179.07102582687,35.44820613385,6.692318
179.05057643393,36.24860043115,7.612878
178.80822054447,36.75616783688,5.562133
176.39578497841,35.89446267723,5.378136
177.77978512983,36.83517334587,7.270672
177.28593769591,37.11596886752,7.952341
175.86869280898,37.24070874948,7.933873
180.04116656782,36.72982902227,7.480362
180.07101763865,36.73292842482,7.910777
178.65712308014,37.13517738161,7.853738
179.68825550657,37.87733195021,7.535018
182.36563851894,38.63156763793,7.324037
178.26735320817,37.69282694689,6.198502
178.84441133631,38.75679996543,6.770808
178.48990746179,39.6096293769,7.81813
179.65056437632,40.17994099138,7.800394
179.27772568271,40.28899610482,6.851098
179.30984004778,40.34346622126,6.485126
179.01481389484,40.6474805431,6.591549
182.53273896964,16.42681319047,6.601538
178.19277804247,15.43604622949,6.799921
178.12580090814,15.84515013605,7.760405
177.25763022979,16.13249585971,6.55104
177.31179444015,16.24263738022,5.99435
178.91893523108,15.64682775892,5.500482
179.05132403117,15.72881331597,6.680054
181.1768797819,16.26891660156,7.590225
181.49975657709,16.77222003834,7.752911
182.63172650273,16.80927946866,6.383096
182.30391806753,17.18596233101,6.375207
181.35449821828,17.28908446036,7.530942
179.42625511532,17.46784409924,6.71824
180.15841501142,18.3346746434,7.616556
180.01911580651,19.4192443224,5.592929
184.77628126563,16.54763427596,6.903611
184.95493702648,16.8079021021,7.742777
185.01179568746,17.28534615423,7.653691
183.80651719697,16.9074901983,6.498633
183.37221042251,17.18143713068,7.165598
185.17876326802,17.79326400102,4.437253
186.1507070293,18.66835531335,7.584443
184.51716982689,18.43501601131,7.481315
185.83597203966,19.65975126637,7.882035
187.18854087083,19.95175355182,7.590648
187.02416870711,20.35439450005,7.408375
187.43029191225,20.89596703009,5.668382
182.75896547559,18.62489970425,7.703179
184.69197628888,19.16800409651,7.912066
181.00429005399,18.81413700749,7.297879
181.8460438962,19.35323766048,7.857063
183.03863464056,20.54198208549,5.343738
185.67543714172,20.14881485363,7.529703
187.89016411346,21.57676397858,7.817621
187.58259689409,21.94809466312,7.467149
185.43799058665,21.87276892527,7.299713
183.32323926072,22.02654160102,7.489582
186.41398409822,23.35120287393,7.297077
186.31322150233,23.92602120526,5.732475
184.82991022267,23.03462981021,6.230475
187.94179675339,22.96968472114,7.749981
187.96685704515,23.26897491269,7.523737
187.76336342076,23.77327462797,6.97949
187.36258815879,24.10892774951,5.356692
187.48111438513,24.33836659317,7.762398
187.75227445792,24.56712552519,5.430502
185.87500705734,24.59319326921,7.115147
187.22781200467,25.91278446047,5.241875
187.18557778574,25.89924584659,6.597808
175.94933105228,16.32340777502,7.848938
174.79283446943,17.83823835051,7.937446
174.91093251825,17.90420677461,7.679447
175.68333872128,18.24203783535,7.377828
173.92006593971,17.87496085541,6.95294
174.90182766964,18.9967236385,7.12999
178.53206368908,18.16947147827,7.741085
177.36274000307,18.23543138913,7.52655
177.21327327362,18.8230392388,7.853873
177.41108417717,18.93506626494,7.496664
179.3687202333,19.98414195423,7.844196
176.33765923181,19.88898675695,7.257562
177.53349828064,20.28707709477,7.515001
176.86833265232,20.0338851284,7.322825
176.99570626431,20.21891463215,4.352421
178.12842325307,20.4101025941,7.157433
176.54049103801,20.319237727,7.431022
173.37256900855,19.67989498528,6.641748
173.76535425271,20.44154083939,6.190767
175.19582271002,21.35252317444,5.002274
175.52114372017,22.21080046834,6.558848
174.54870643843,21.87160258727,7.657547
172.83846008292,22.81762394749,7.807514
174.68387583637,23.33073332184,7.262981
175.03844022551,23.70816725298,6.812264
172.96494370607,24.31142773508,6.694951
172.50730918949,24.88451172463,7.460561
172.46639470514,24.94739814544,7.763685
172.53068853167,25.3032926029,7.173171
181.06842023287,21.4585446448,7.493318
181.06933040197,21.45912702354,6.110308
180.43429015916,22.09424858449,6.421971
181.50337105638,23.20458566632,7.40725
179.57743246488,21.77553785653,7.952827
179.00330253996,21.98186288164,7.925153
180.32319224221,24.21780804893,7.753638
182.84088425648,22.59364742681,7.47926
182.75003701527,22.86149090043,7.887296
183.43285054211,22.88795149636,7.975817
182.94212640256,23.3224064357,6.478759
183.61453102209,23.66061310103,7.203694
181.86680090445,23.04230217624,7.579019
184.08544681176,23.94537897954,4.678099
184.81657034314,25.06017072044,7.70925
184.46205429369,25.57130155387,7.763075
184.03483770635,25.76032525569,7.988176
180.67521620834,24.44601959193,7.420226
182.81274558167,24.75350562352,7.26364
182.96304088307,25.870143513,5.144145
183.57553670432,26.50470390439,7.145247
182.15553450664,26.49337041165,6.702626
176.7534204748,23.72052619952,6.830789
178.85184509183,25.52218302607,6.59652
175.94590534236,24.0102975821,7.101652
176.8302048195,24.42416438848,7.475255
175.30847385982,24.80589635598,7.901815
176.05478183421,25.21835539168,5.440054
180.69369877963,25.32612564598,7.851184
182.69200433736,27.28146480579,5.977178
181.37734745295,28.50558058062,7.766697
179.0852894315,26.67970326898,6.70948
179.35706353926,26.76158024331,7.179161
180.82720081882,29.12051220419,7.778131
179.39540874424,28.55516686488,7.950746
179.06344330048,28.85854191658,7.017036
185.54483104827,24.7738469358,6.182999
185.36135393796,24.99698546857,7.324965
185.26300835209,25.0322805607,7.068399
185.62624103478,25.84612163012,4.624533
186.49890644463,25.68161973006,7.969345
186.1112962694,25.58276700491,7.744059
186.11163418204,25.58235382566,6.693558
186.90978775668,25.91206561218,6.647958
186.01435776211,25.85119089995,6.655164
186.07715763662,26.09854756627,5.119886
185.26993306374,25.71985776251,7.776464
185.07326632825,26.00195839238,6.084753
184.75837756029,26.00831158243,6.413138
184.67022612893,26.19059671029,7.453565
185.64314154386,26.62143206087,7.395368
185.08163701533,26.61899496534,5.218883
185.66356853638,27.13333884397,7.950263
185.16987552548,27.05300737382,7.057004
185.17241492918,27.05404326582,6.958919
184.54646977963,27.30063859387,7.506103
183.10366652928,27.38005686999,7.979468
184.2359284053,27.7396951604,6.789081
184.87199368318,28.15636178554,6.2567
184.96087288418,28.4643160081,6.604372
183.46886380396,28.29449990422,7.93331
183.26283274021,28.6349531731,6.99206
183.00457707472,28.53604020125,6.372837
182.61573599049,29.06818324853,7.22467
182.34007307371,29.46059966969,7.740006
181.67522034588,29.48896598342,7.843322
180.8882859324,29.67900179398,6.232791
174.11898444951,25.02977941898,6.990523
174.86849507562,25.30129242298,7.74247
175.05299034883,26.15338167903,7.974618
176.73816533381,27.02300832154,7.606136
176.98463051497,27.34062941216,7.249764
176.35579541355,27.21792113676,7.057654
175.86502087418,27.56845652816,7.836821
175.84530133664,28.05533175625,7.598694
174.39407789208,27.44569597113,7.804321
174.30785150352,27.77378394801,7.369401
177.68163468772,28.09685837515,7.810783
177.30146179542,28.12139089078,7.144978
177.10481839451,28.41696561233,7.145795
176.1828540414,28.67019386375,7.013197
177.15212873816,28.79989953261,7.042661
177.39680167483,29.49851200029,7.326211
178.79727629915,46.46979149834,6.993164
178.77400777798,46.47684210446,6.75812
179.12351217003,46.69727211659,7.588227
178.24694636903,46.55857220632,7.909448
179.63180709819,47.76541537509,6.840212
172.58186096888,47.24456876663,7.186492
174.6393852637,46.83409278496,6.020165
176.37321558313,47.66558829526,7.90632
176.51164393919,47.77953162371,3.328719
178.66543544498,48.93273433055,7.081606
176.12172704664,48.51643664252,6.620042
177.06113854748,48.52379075941,7.33332
178.05963058013,49.93181053659,6.675264
176.95829933827,49.82301206137,7.139582
172.71916338709,47.9285831379,6.167954
172.21769608693,48.23108070757,7.697514
172.79255875033,48.78945685918,6.307991
172.62439293917,48.93565535061,7.387505
173.20980883751,49.49589371639,7.531347
171.14381333346,48.60574124016,6.110216
172.18768507966,49.55897476923,7.347455
173.53018663329,48.56799021091,7.834715
176.53535048452,50.56357396852,7.627754
177.71038157724,51.41276182231,6.520297
174.47048780082,50.61809128847,5.889834
174.28469489258,51.15437458457,7.685684
175.9487558089,52.39514623997,7.37854
176.604536765,51.9329009992,7.386594
178.45836676657,53.69479732632,2.436275
169.17379610281,49.47619725863,5.582717
171.47943563283,52.13195654544,7.221137
170.23527997358,51.76072414523,7.227647
170.94873534955,52.04022206585,7.87372
173.68088380665,51.96821856584,7.551659
179.6723779001,54.48552317892,7.88828
177.55907652693,54.25266933112,6.457089
173.85482823817,53.57445476957,7.890171
173.53367577396,53.77603246421,7.967533
172.55369565941,54.36205383949,6.283621
173.77048412569,54.78542543773,5.353157
175.43108560361,55.17204068221,5.722351
175.07744435537,55.3027429594,7.686905
178.82713916318,56.01026006833,7.906951
176.60295563805,55.34153959537,7.894155
176.73186602245,55.62804519747,4.887915
177.14662804163,55.54020634475,7.589021
178.99347583918,56.59854787466,5.531869
169.01800050872,52.77341787189,6.392658
169.01640866433,52.77671130334,7.889067
168.63939264123,52.94672504067,7.231852
168.39645130286,52.85036124844,7.402274
168.27030087064,53.37154059062,7.924353
172.38224707588,54.80190521762,7.966549
170.23633374472,54.83280990531,7.817073
171.80648301216,55.21971678157,7.500325
172.04786118832,55.66814729025,7.684753
167.88002531685,54.14955708962,6.648767
168.18519804614,54.89428011396,6.621805
168.39409602408,55.41588954574,7.823405
171.48739047094,55.85067199974,5.46621
169.63228182466,56.194707034,7.086239
175.79333189875,56.01961923982,6.865256
173.3978080802,55.58203139153,7.561412
173.08281221008,56.09573546631,7.379996
174.1472877129,56.13494946936,7.555699
177.84369573729,57.64065599919,7.618797
179.12588108809,57.87152458198,5.668762
179.04883256316,58.16985900416,7.964269
172.43079093133,56.73742497421,6.265272
172.67826601269,56.74643026255,7.038583
172.86393831125,57.1348868606,6.970964
175.11421906032,57.97046492568,6.334782
173.89439183949,58.20296595951,7.097936
176.46931353981,58.027415265,7.565353
176.75626820233,58.23825546409,7.950998
175.96208193437,58.4110010652,7.95881
178.4964870016,59.68045111043,7.801884
170.45489437363,57.07487948305,6.406363
181.58083454365,46.28397641613,6.919669
190.369554803,49.29068984288,6.486794
186.70229273729,48.6615413614,7.635035
187.26036986883,48.91996796569,7.688484
187.16231729419,49.63555025868,7.074313
183.66210514236,47.01354759365,7.799604
183.81520388877,47.11545164995,7.037622
185.48400598597,47.18210055754,6.036647
185.63759409371,48.35290579673,7.386114
184.26412371835,48.43273281157,7.687744
181.78333431376,47.29826993193,7.888549
181.73204363494,47.87469676144,7.95696
182.10868222428,48.96843928262,7.698393
182.22341318133,49.18531118816,7.151874
181.52377057058,49.15845341494,7.584469
181.24905050174,50.28373478942,7.314599
186.3669091343,48.37104735983,7.471235
184.95286677535,48.98417215278,4.521284
186.70708204697,51.20578690804,6.893824
186.00631881104,51.5623071688,4.538651
182.71229700319,50.5468136831,7.949465
182.92380498922,50.83784227277,7.883568
181.39353422336,51.93115753401,7.326666
182.71285156621,51.79615029092,7.371809
183.18993790215,51.93989490404,7.056889
181.3965803749,52.87558986156,7.926258
181.43858336433,53.4836693431,7.89318
191.05782946985,51.75845261942,6.749813
191.70159672458,51.63668715242,7.957451
188.72572769199,51.36046975304,7.289536
187.67293505775,50.97369541715,7.772056
187.50968770404,51.53574602033,6.081806
189.96211085912,51.72499490473,7.632375
187.70903926075,53.07741445846,6.072821
192.05548213368,52.45310800093,6.64203
191.83258744305,52.86185645233,7.445862
189.48513643194,54.85312140564,6.637116
187.82967955991,55.11884449125,7.788217
190.43647850407,55.72465035068,7.985461
190.08863172278,55.84656005461,5.228829
189.80252178693,56.00395280172,7.923751
188.95267421455,56.57833322378,7.426375
188.12709533042,56.97580128179,7.986863
189.04283606961,56.82536455717,6.914051
185.67625870415,53.35050242341,7.910994
183.86154284368,52.71713352101,7.326994
184.37361974844,53.19112916795,5.374478
183.68072282386,53.43454619195,5.902937
186.58392161502,54.58867981963,6.817546
184.66323487814,54.6135845737,7.749241
182.86034071853,53.41812596174,7.990084
182.8644382924,53.42098081935,7.729508
182.33636507191,53.39400767981,7.416287
182.26401968021,53.67232899613,7.890843
182.77793930641,54.35883123881,7.818562
181.16329964843,54.09677725707,7.831804
182.02806524109,55.46398171003,7.692358
183.59082183736,55.57655713857,7.522401
183.07293456906,55.70583630427,6.858328
186.63597274193,55.1594951738,7.025537
186.8960909214,55.71267049331,4.918238
184.207906145,56.28138999218,6.922279
187.38766718698,56.33112535607,7.587369
186.26325269492,56.77777355317,4.886198
185.99436304583,57.78417559019,7.808409
185.21241545725,57.86380686073,5.003103
182.93718652135,57.0543309976,5.771113
183.85734834773,57.03265316489,3.311102
182.52090277241,57.67753701032,7.608678
181.68420540943,57.60049834904,7.186276
182.39592759333,58.38368313855,7.83249
182.07574317805,58.55690172322,7.195807
180.17220978208,59.35312052108,7.940184
187.48834130203,58.40614456547,5.315717
183.25766650619,59.72009772251,7.990736
174.24342032291,75.11905027279,7.512683
177.73059905115,75.35589544963,7.94254
175.28905175568,75.47260929755,7.995909
169.29156541554,75.35291874652,7.163975
164.75403782147,75.72115507672,7.478628
158.70449371212,76.7318723723,7.298718
158.00481283061,77.49799417332,7.660518
162.84455728655,75.99461464235,7.136973
166.31104277499,76.45183816835,7.779942
163.80348400219,77.08759431272,5.886071
165.03970779308,77.6920109226,7.766791
167.50748550905,77.78672757399,6.276604
174.42638255762,77.59570883564,5.813983
170.70450496437,77.37347184179,7.32647
169.03568439036,78.30890377394,6.478108
179.95083612962,79.59539769247,7.592833
160.78571234251,77.41179942224,7.74745
164.98532125925,77.77007971232,5.939224
165.38040230699,78.88393561809,7.252755
169.16066789385,79.53617714069,7.64516
173.21857404282,79.91662041088,7.204452
146.37931765791,78.13470021633,5.815324
155.83589590261,78.34269060485,7.023858
149.2019657256,77.93814265648,7.177818
154.07218407053,78.94702282872,6.839478
146.82454533733,79.13654810358,6.03545
149.77075146672,80.37989784883,7.825651
163.63581928006,79.34545425067,7.295593
164.83871270131,79.67605984789,7.218888
160.87384570072,80.42713230839,6.687432
172.95639503239,81.1274080795,6.085317
167.7510414392,80.94884249228,7.544814
169.78721016434,80.97466424476,7.849239
175.0216455067,82.08170871199,7.853853
176.14510723033,82.32136559492,7.589481
159.00766749277,80.49461423187,6.244522
157.11123620657,81.18751774627,7.561323
156.55021918662,81.50617784357,7.479152
159.62068078749,81.582254217,7.204079
158.7273121271,82.02542823402,7.883844
167.72696429328,81.7308707237,7.00036
168.51649264528,82.20362510341,7.937019
169.96941040175,83.34961827282,7.013025
136.36517040533,79.34621316304,7.769985
133.88813403604,80.03022923721,7.569093
144.27155032518,81.32630730588,3.785223
137.80213121202,80.82883965727,6.2756
145.43761274241,82.36524736369,7.464999
142.01774679645,82.27677283457,7.900009
123.40417789039,81.75775967527,7.937877
126.1369994584,82.43065613163,6.26074
134.70331186756,81.28539620463,7.682893
139.99052018315,82.61242515963,7.774886
135.67905989883,82.74496473483,6.888264
131.59445338299,82.23919707034,6.859853
135.01860316397,82.71940904376,6.83978
134.09268219065,83.88687787879,7.356865
153.23239025861,82.40083689675,6.998457
157.76666053128,82.55873989738,5.144055
157.66978257813,82.66838235894,7.627958
156.17404737231,82.80164816925,6.588913
173.24264446437,84.70632396958,6.985198
144.23969418405,82.9253459513,6.915564
147.23322429602,83.3296161023,7.810402
147.51412613137,83.51004829924,7.841963
147.02213256956,83.78486025733,7.606913
143.31559260373,83.7415725759,7.55285
149.98472553176,83.47529443035,7.991096
152.14322860257,83.91839863829,5.624004
138.8406800819,84.18107811658,6.224679
148.32954604393,84.48215720203,7.566595
145.27863698301,85.09224237334,7.646756
157.41701551999,84.25183237803,5.460814
158.79785566738,84.39953445584,7.080917
161.29495081975,84.74454934867,7.79543
163.66552905639,85.36197441084,7.911329
176.85166823421,85.5325510233,7.882348
174.28798561373,85.6175262062,7.227585
168.6244765861,85.64016209383,7.287238
126.09011609592,83.09668046565,7.591468
124.22426135528,84.05756047683,6.440336
114.89750585973,84.19737716573,6.864457
122.78987063712,84.4072703208,7.593273
107.41467677244,85.57002889119,7.004298
132.72137266014,85.05064013852,7.306283
138.32377526801,85.55761622191,7.413721
125.871123226,85.6920039291,7.17167
152.38237153438,86.57625678393,7.473288
149.9865740408,87.10553000035,7.991421
157.82650280222,87.27080870333,7.993908
170.45022032337,87.63851225233,7.49673
117.46785462933,86.36466431059,7.752328
125.84695465669,86.37862238928,7.212364
115.12380824413,87.01995849074,4.274878
102.94711310443,86.68387139212,6.272959
140.45080538458,88.57038273663,7.110004
190.46977297047,75.35635941646,7.783361
190.13938936009,75.90580168889,6.977515
190.27573930826,76.18018111802,7.854042
184.70765754694,75.16057861697,5.447877
188.42715409701,75.21257391879,6.618485
186.55314234894,75.71916162358,7.56439
180.96830974878,76.06673091324,7.643434
182.2119763971,76.29243811772,7.829493
187.73032990471,76.68705666948,7.066948
189.14588935479,76.63776609515,7.071137
181.31587565604,76.90532315922,5.501072
181.24498181474,76.76189024157,7.195528
182.95146372065,77.4408106318,6.782762
183.04999208719,77.61633033521,5.061902
182.45084091676,77.39065670501,6.607968
205.16927593632,76.84378892779,6.659784
203.50999615584,76.29592461241,7.697203
203.67766116902,76.54670968439,5.777095
204.48667031564,77.89072993841,7.908964
212.2115570055,77.54765793581,4.32384
216.67954669735,78.4993200449,7.130577
218.40707924066,79.66079746011,5.849936
208.75991994221,78.39973869905,7.515273
205.66194534176,78.06464406557,5.65333
208.67064144642,78.9748835919,7.556947
207.50455692995,78.99569101076,6.266718
214.11052695278,79.33671545216,7.352045
207.27854167437,79.92141425749,7.031788
193.44476024535,76.93560022325,7.407981
191.77944662629,77.81807719383,7.96899
198.09802960307,77.1944676996,7.744852
198.76296137023,78.70131916554,7.343414
193.81248446645,78.49967827319,7.296086
186.70902939439,77.35219988594,7.999891
189.32711648213,79.21549768825,6.855833
191.25035457447,79.92354737495,7.205568
188.56576467157,80.25053276617,7.20476
184.03482175673,80.12190350721,7.703263
184.04941019727,80.12505789748,7.140454
180.07569600295,80.8530128929,5.28367
201.73350997737,78.6440052658,5.562666
204.18879632295,79.35386077962,6.982636
198.11929535479,79.65236730046,7.230389
194.34777075136,79.91296156765,7.988328
198.10580072741,80.47135446895,6.087269
195.00775769671,80.874333307,7.068151
205.41535811375,80.20374755062,6.420172
207.75367074098,80.76789368197,6.380495
205.0781751187,81.05620676981,7.326811
192.23077860432,80.40620417295,7.300902
191.1092563512,80.62083009759,6.314134
188.34753841242,80.94472577673,7.974347
180.83836075093,81.6883072439,7.274602
187.09114004115,81.99669854012,7.980238
182.74908301504,81.70981839223,5.406289
193.5567732412,82.51774608422,6.843023
185.01339424072,83.37400242412,7.546683
227.24816628976,80.20872908616,7.598266
219.73266204097,79.78741013901,6.617832
230.13330442745,81.04345939438,7.053316
231.12780746958,81.89519422642,7.583786
232.46462967583,82.26350842666,6.831625
217.34083786316,80.8092683091,6.679553
222.62198821465,80.74999069042,7.187655
211.41109956907,81.60660589024,7.921075
225.89415330435,82.82454438997,7.088738
222.59114289786,82.51094591963,5.457237
224.69343681482,83.19125236337,7.698653
224.16453770878,84.02710757928,7.820889
239.34047259129,82.54767301535,7.901498
240.00990407567,83.40414014502,7.128532
244.96716765983,83.6973587957,7.113188
235.86337410428,82.94725307739,7.431952
237.17995375447,83.61955435735,7.921481
237.17737827714,83.61965978197,7.379263
229.48957731528,83.85944266307,7.632622
231.79436334398,84.82500278352,6.610009
236.16375512951,84.58000434305,7.932235
251.31476699801,86.07002631708,7.969299
205.59765430652,82.75222515857,5.666739
201.16277465452,83.30892130693,7.081842
200.92512642611,83.46301871766,7.870675
213.58884471362,83.94458412693,7.789155
222.91842413238,83.93748927482,6.498534
206.38044224063,84.51326480418,7.356765
192.30600696961,83.41299014311,5.317452
192.27686099785,83.41792029544,5.838018
199.53058133151,83.89913567975,7.473801
189.78278896145,83.64411902619,7.206935
198.79148621403,84.75222146625,7.154743
207.07815421377,85.19887884199,7.912379
201.65763720274,85.27074315597,7.826223
207.31224673033,85.74789676473,7.196279
188.71199473809,85.73225515647,7.165984
181.11389545878,85.5875340109,6.131307
194.1301530254,85.88454198043,7.7073
184.22901799226,86.4357738976,6.216938
182.81522350792,86.93204336193,7.741133
223.6904230385,85.12071878072,7.221623
234.74408453066,85.28608697558,6.858675
222.63880885884,85.49654536639,7.664293
218.32255817138,85.93837537568,6.969571
224.58713019414,87.00625636891,7.996613
259.5923532661,87.96724260282,7.807068
220.07536450258,87.21486434336,6.37591
183.83145735343,87.70035139518,6.188644
193.48262519571,87.64836727452,6.989336
189.61494094897,88.35534858783,7.958488
259.22869755113,89.03768852287,5.416544
179.45397036154,60.46150028833,7.274735
179.81267191406,61.33431280034,7.562117
179.58585405317,61.46453633943,6.455998
179.22153966043,61.5490158453,5.984815
175.27449104037,60.84237295553,6.7759
173.0864111914,61.08240858227,7.047638
173.0861067382,61.08219951535,5.563896
177.66266842721,61.35549504732,7.842761
176.78216337889,61.40167773996,6.553975
179.18689246037,62.88695824862,7.732865
169.76427671064,62.18278679395,6.638094
170.1478682581,62.36401739212,7.907335
168.51949745127,62.28205805176,7.547774
174.3523760866,62.19639698847,6.32032
175.07655110605,62.39638341878,6.959649
172.26793793691,61.77942576752,5.725506
173.26550876375,62.09356956958,7.45811
174.40451684705,62.71319231823,7.159533
178.24628398752,62.92383554998,7.840725
170.82177365074,62.71703726541,7.890626
171.72560355214,63.11639346636,7.859426
172.25822065962,63.57361178976,7.627368
174.59382634406,64.17683759889,7.774064
174.70486621949,64.34697404425,6.764761
176.76842481341,64.39326167056,7.551546
179.15764770568,65.24282450429,6.245895
167.44831565241,62.98584117058,7.793446
167.43752062975,63.33518802295,7.793995
165.93721659868,63.26986396961,7.919987
165.27307437826,63.42088240976,6.351763
164.04933131246,64.53841653918,6.976222
166.40114939697,64.80402318806,7.27059
169.00673462494,64.90759033769,6.684557
167.88406749186,66.03013698035,7.733161
170.71346551321,64.3306660311,6.01311
173.52889846128,65.24157193781,7.167609
171.06556807204,65.04510718097,7.942956
174.06149835313,66.34540623427,7.802246
175.61766017589,66.74507990703,4.931482
176.25094682632,66.86368350401,7.283057
178.91915403533,67.26487709232,7.16007
172.78107547806,66.28768099653,7.701079
169.69392539739,66.68417730146,7.092071
171.5154042273,66.75429183599,7.300884
172.35262351016,66.92589127497,7.469103
172.28936001691,67.45836769051,6.735481
177.29389283028,67.32853225147,7.24864
179.50024622312,67.8119783077,6.651326
177.83336081506,68.83369088739,7.21358
162.2078562693,65.13252135099,6.398029
161.93111684377,65.46005884334,7.571655
161.90284410968,65.61646557302,5.761008
166.54090996326,65.8758238305,7.419973
167.81810534031,66.73876295032,7.287131
165.39917964327,66.44961246525,7.577846
168.28110999948,67.32300127882,6.374753
167.41477789026,67.2100912313,6.038603
161.26685837047,67.41138641641,4.915826
166.96986097517,68.36625167604,6.950685
170.22470781813,67.10051157396,5.935959
175.05426841563,68.22308670555,7.112445
175.34208303752,68.95143417485,7.847423
174.01302726996,69.32239031441,4.92018
176.25237017765,69.93128537292,7.762955
168.04592935979,68.27190147963,6.380236
172.85040436554,69.33099194674,3.102934
173.91623902653,69.57254653242,7.43999
178.51641334315,71.92406756886,7.656092
160.45072176121,68.44339285118,5.317244
161.15980213911,68.77563600058,7.92243
160.76684476611,69.07615633317,4.5108
165.230301074,69.58371359521,7.994233
163.37283217212,69.85358204066,5.648067
164.75777972267,69.98901048428,5.955996
165.86425787882,70.03058610671,6.040073
160.70171344034,69.52528850287,7.812612
162.09920913649,69.84565647479,7.443408
170.01345039498,70.9488729694,7.894358
170.39153883879,71.72560262679,7.83141
178.33937322721,73.29179837605,7.30335
168.01396318272,71.59313336656,7.051828
167.0905749573,71.9588984199,6.988611
168.74381483741,72.00846598719,7.64602
167.21841587047,72.04576461809,7.931511
176.17750585163,73.14680154714,6.591069
178.42864359563,73.75558557085,6.939388
168.85747556013,73.47130538387,7.350889
168.79329264914,73.47570460715,7.311935
190.20330193116,62.0425532329,7.957819
191.82915213986,62.78117825168,5.853085
190.39099284211,62.71296200299,6.009723
184.59614203541,60.35605340104,7.491346
186.27272141081,60.69733055534,7.248362
185.90056106837,60.90307026621,7.469682
186.90398636336,61.15274527696,7.972437
185.11367321622,61.30960799524,6.259407
185.51864551862,61.59137829392,6.446544
183.52827693211,60.44967415207,7.816669
180.99498390933,61.40363182891,7.499167
181.41494878127,62.93279649333,5.775084
184.91768178787,62.35900939457,7.822348
185.86219264732,63.03325801997,7.847381
188.00146544047,63.75812944271,7.718595
185.14911553556,63.67024213559,6.952523
186.27634170618,63.80278742416,6.069837
186.15129125671,64.10539034505,7.945398
183.02265103593,64.46377191657,6.972564
180.40496703455,64.93923512404,7.183031
182.13944389754,65.34967269954,7.586611
180.34851520219,66.12295470839,6.681635
195.44379543261,63.61033145835,5.916535
192.70474947314,62.98623767143,7.317494
190.2015382287,63.77160751994,7.452392
194.57836764609,64.92558631685,6.124225
193.86891324197,65.4383403083,5.145214
192.23373368742,64.73499696466,7.7764
197.21072931725,65.57298437375,7.115832
198.36499794196,67.28800042546,6.211098
198.24900955236,67.30972677946,6.641326
194.10810297263,65.99434944839,5.163145
194.97791010551,66.59720250819,4.942306
191.89317844865,66.7902761174,4.784272
194.24151025544,67.24291384693,6.081607
194.16795210508,68.61594928195,7.184833
194.54587830863,68.70566844259,7.127595
194.70170966621,68.78628608223,7.900868
192.78439816316,69.29424489135,7.951644
187.09673317637,65.47385369242,7.967976
190.82375323767,65.94659198844,7.550962
187.74209703361,65.89783755519,6.901166
187.34538369542,66.89390679708,6.817023
184.73815312986,65.36735738948,7.059068
183.52308872777,66.10931752314,6.322081
185.0962670827,66.39119455874,7.30007
181.13991291136,66.33681655719,7.770935
181.50527667909,68.69854030996,7.566237
181.38614458974,68.75939170623,6.594688
181.38956270362,68.79417842034,7.108325
180.93553172827,68.93485682332,7.649845
180.898045852,69.01995054011,6.598568
180.15596680736,69.18542846437,7.444884
187.97913039343,68.51457414498,7.241226
187.40556299571,68.63548609924,7.752399
186.58696525252,68.68809238582,7.808505
190.00902403179,68.80258015598,7.739873
188.96548929073,69.0136238779,7.227511
187.52704098893,69.20088011315,4.034973
188.36984368694,69.78828379171,3.893484
188.68299231547,70.02175947341,4.444701
189.21877946084,70.18469742264,6.068304
184.49951098179,68.79715647941,7.442387
180.21947824874,70.23791353031,6.74596
183.78506406188,70.19988476641,5.359708
180.40760804848,70.84990029485,6.978486
199.54916689348,67.68791732191,6.791843
199.1191600121,68.40806750192,6.187586
196.2144572092,69.65709278121,7.404244
194.77339075431,70.59683918023,6.614056
194.28949780993,70.75523900975,7.62476
196.82706372111,71.39448803214,7.406701
195.74599759626,71.72058160048,7.713861
196.01204250198,72.40253021552,7.983744
191.99796692994,70.94618045447,6.885785
187.72247504147,71.2998689184,6.691893
193.2087859121,71.57150706373,7.890006
191.1347949833,72.10170746347,7.760464
188.39364654866,72.47894706769,7.376251
189.8610979459,73.00136511396,7.068826
186.59865085541,71.9297249251,6.051606
185.89044709933,72.32591948995,7.859633
183.92274688865,72.55108572309,5.869627
181.30043337758,73.45468050807,7.176209
185.54187680986,73.24930272071,7.850432
182.44599451461,74.66138726303,6.225397
